2026-08-26 00:39:40,971 | INFO | finance_tracker.Auth | req=9cee7b5a | Registration attempt: register@finora.com
2026-08-26 00:39:41,002 | INFO | finance_tracker.Auth | req=9cee7b5a | User registered successfully: user_id=1, email=register@finora.com
2026-08-26 00:39:41,003 | INFO | finance_tracker.middleware | req=9cee7b5a | POST /api/v1/auth/register | 201 | 37.69ms
2026-08-26 00:39:41,019 | INFO | finance_tracker.Auth | req=53756135 | Registration attempt: duplicate@finora.com
2026-08-26 00:39:41,030 | INFO | finance_tracker.Auth | req=53756135 | User registered successfully: user_id=1, email=duplicate@finora.com
2026-08-26 00:39:41,031 | INFO | finance_tracker.middleware | req=53756135 | POST /api/v1/auth/register | 201 | 14.10ms
2026-08-26 00:39:41,035 | INFO | finance_tracker.Auth | req=f2feed9e | Registration attempt: duplicate@finora.com
2026-08-26 00:39:41,036 | WARNING | finance_tracker.Auth | req=f2feed9e | Registration failed: email already exists (duplicate@finora.com)
2026-08-26 00:39:41,037 | INFO | finance_tracker.middleware | req=f2feed9e | POST /api/v1/auth/register | 400 | 4.24ms
2026-08-26 00:39:41,051 | INFO | finance_tracker.middleware | req=46d2ab6f | POST /api/v1/auth/register | 422 | 1.92ms
2026-08-26 00:39:41,066 | INFO | finance_tracker.middleware | req=92c7fa24 | POST /api/v1/auth/register | 422 | 3.71ms
2026-08-26 00:39:41,080 | INFO | finance_tracker.middleware | req=7a6816ba | POST /api/v1/auth/register | 422 | 2.17ms
2026-08-26 00:39:41,089 | INFO | finance_tracker.Auth | req=1fbe67a2 | Registration attempt: login@finora.com
2026-08-26 00:39:41,096 | INFO | finance_tracker.Auth | req=1fbe67a2 | User registered successfully: user_id=1, email=login@finora.com
2026-08-26 00:39:41,097 | INFO | finance_tracker.middleware | req=1fbe67a2 | POST /api/v1/auth/register | 201 | 9.05ms
2026-08-26 00:39:41,107 | INFO | finance_tracker.Auth | req=ae5ccb1b | Login attempt: login@finora.com
2026-08-26 00:39:41,118 | INFO | finance_tracker.Auth | req=ae5ccb1b | Login successful: user_id=1, email=login@finora.com
2026-08-26 00:39:41,119 | INFO | finance_tracker.middleware | req=ae5ccb1b | POST /api/v1/auth/login | 200 | 20.14ms
2026-08-26 00:39:41,132 | INFO | finance_tracker.Auth | req=6da9994b | Registration attempt: wrong-password@finora.com
2026-08-26 00:39:41,142 | INFO | finance_tracker.Auth | req=6da9994b | User registered successfully: user_id=1, email=wrong-password@finora.com
2026-08-26 00:39:41,143 | INFO | finance_tracker.middleware | req=6da9994b | POST /api/v1/auth/register | 201 | 12.31ms
2026-08-26 00:39:41,149 | INFO | finance_tracker.Auth | req=726921d4 | Login attempt: wrong-password@finora.com
2026-08-26 00:39:41,156 | WARNING | finance_tracker.Auth | req=726921d4 | Login failed: wrong password (user_id=1, email=wrong-password@finora.com)
2026-08-26 00:39:41,157 | INFO | finance_tracker.middleware | req=726921d4 | POST /api/v1/auth/login | 401 | 11.27ms
2026-08-26 00:39:41,168 | INFO | finance_tracker.Auth | req=6bca0a74 | Login attempt: does-not-exist@finora.com
2026-08-26 00:39:41,169 | WARNING | finance_tracker.Auth | req=6bca0a74 | Login failed: user not found (does-not-exist@finora.com)
2026-08-26 00:39:41,170 | INFO | finance_tracker.middleware | req=6bca0a74 | POST /api/v1/auth/login | 401 | 6.66ms
2026-08-26 00:39:41,183 | INFO | finance_tracker.middleware | req=53a787a0 | POST /api/v1/auth/login | 422 | 6.08ms
2026-08-26 00:39:41,201 | INFO | finance_tracker.Auth | req=3e752855 | Profile accessed: user_id=1
2026-08-26 00:39:41,201 | INFO | finance_tracker.middleware | req=3e752855 | GET /api/v1/auth/me | 200 | 3.63ms
2026-08-26 00:39:41,211 | INFO | finance_tracker.middleware | req=dd4200a7 | GET /api/v1/auth/me | 401 | 0.61ms
2026-08-26 00:39:41,219 | INFO | finance_tracker.middleware | req=4e960765 | GET /api/v1/auth/me | 401 | 1.91ms
2026-08-26 00:39:41,239 | INFO | finance_tracker.budgets | req=2b61c159 | Budget create attempt: user_id=1, month=8, year=2026
2026-08-26 00:39:41,244 | INFO | finance_tracker.budgets | req=2b61c159 | Budget created: budget_id=1, user_id=1
2026-08-26 00:39:41,245 | INFO | finance_tracker.middleware | req=2b61c159 | POST /api/v1/budgets/ | 201 | 11.63ms
2026-08-26 00:39:41,255 | INFO | finance_tracker.middleware | req=74b9e7ab | POST /api/v1/budgets/ | 401 | 2.57ms
2026-08-26 00:39:41,272 | INFO | finance_tracker.budgets | req=f4d49b1d | Budget create attempt: user_id=1, month=8, year=2026
2026-08-26 00:39:41,274 | WARNING | finance_tracker.budgets | req=f4d49b1d | Invalid category in budget: user_id=1, category_id=1
2026-08-26 00:39:41,275 | INFO | finance_tracker.middleware | req=f4d49b1d | POST /api/v1/budgets/ | 404 | 6.25ms
2026-08-26 00:39:41,292 | INFO | finance_tracker.middleware | req=2aaf6028 | POST /api/v1/budgets/ | 422 | 4.23ms
2026-08-26 00:39:41,322 | INFO | finance_tracker.middleware | req=234dfbb2 | POST /api/v1/budgets/ | 422 | 3.97ms
2026-08-26 00:39:41,350 | INFO | finance_tracker.middleware | req=a7c1f7b5 | POST /api/v1/budgets/ | 422 | 4.86ms
2026-08-26 00:39:41,373 | INFO | finance_tracker.budgets | req=bb523e61 | Budget create attempt: user_id=1, month=8, year=2026
2026-08-26 00:39:41,378 | INFO | finance_tracker.budgets | req=bb523e61 | Budget created: budget_id=1, user_id=1
2026-08-26 00:39:41,379 | INFO | finance_tracker.middleware | req=bb523e61 | POST /api/v1/budgets/ | 201 | 11.29ms
2026-08-26 00:39:41,386 | INFO | finance_tracker.budgets | req=20d3edb4 | Budget list requested: user_id=1, month=None, year=None
2026-08-26 00:39:41,388 | INFO | finance_tracker.budgets | req=20d3edb4 | Budget list returned: user_id=1, count=1
2026-08-26 00:39:41,390 | INFO | finance_tracker.middleware | req=20d3edb4 | GET /api/v1/budgets/ | 200 | 7.34ms
2026-08-26 00:39:41,433 | INFO | finance_tracker.budgets | req=748f9732 | Budget create attempt: user_id=1, month=8, year=2026
2026-08-26 00:39:41,440 | INFO | finance_tracker.budgets | req=748f9732 | Budget created: budget_id=1, user_id=1
2026-08-26 00:39:41,442 | INFO | finance_tracker.middleware | req=748f9732 | POST /api/v1/budgets/ | 201 | 18.40ms
2026-08-26 00:39:41,452 | INFO | finance_tracker.budgets | req=cf98f51c | Budget create attempt: user_id=1, month=9, year=2026
2026-08-26 00:39:41,459 | INFO | finance_tracker.budgets | req=cf98f51c | Budget created: budget_id=2, user_id=1
2026-08-26 00:39:41,461 | INFO | finance_tracker.middleware | req=cf98f51c | POST /api/v1/budgets/ | 201 | 15.58ms
2026-08-26 00:39:41,474 | INFO | finance_tracker.budgets | req=44c7d3d9 | Budget list requested: user_id=1, month=8, year=None
2026-08-26 00:39:41,478 | INFO | finance_tracker.budgets | req=44c7d3d9 | Budget list returned: user_id=1, count=1
2026-08-26 00:39:41,479 | INFO | finance_tracker.middleware | req=44c7d3d9 | GET /api/v1/budgets/ | 200 | 13.11ms
2026-08-26 00:39:41,519 | INFO | finance_tracker.budgets | req=59571546 | Budget create attempt: user_id=1, month=8, year=2026
2026-08-26 00:39:41,525 | INFO | finance_tracker.budgets | req=59571546 | Budget created: budget_id=1, user_id=1
2026-08-26 00:39:41,527 | INFO | finance_tracker.middleware | req=59571546 | POST /api/v1/budgets/ | 201 | 13.93ms
2026-08-26 00:39:41,538 | INFO | finance_tracker.budgets | req=d289e205 | Budget create attempt: user_id=1, month=8, year=2027
2026-08-26 00:39:41,546 | INFO | finance_tracker.budgets | req=d289e205 | Budget created: budget_id=2, user_id=1
2026-08-26 00:39:41,548 | INFO | finance_tracker.middleware | req=d289e205 | POST /api/v1/budgets/ | 201 | 16.99ms
2026-08-26 00:39:41,559 | INFO | finance_tracker.budgets | req=17c90f92 | Budget list requested: user_id=1, month=None, year=2026
2026-08-26 00:39:41,563 | INFO | finance_tracker.budgets | req=17c90f92 | Budget list returned: user_id=1, count=1
2026-08-26 00:39:41,566 | INFO | finance_tracker.middleware | req=17c90f92 | GET /api/v1/budgets/ | 200 | 13.69ms
2026-08-26 00:39:41,618 | INFO | finance_tracker.budgets | req=42e47a6b | Budget create attempt: user_id=1, month=8, year=2026
2026-08-26 00:39:41,622 | INFO | finance_tracker.budgets | req=42e47a6b | Budget created: budget_id=1, user_id=1
2026-08-26 00:39:41,624 | INFO | finance_tracker.middleware | req=42e47a6b | POST /api/v1/budgets/ | 201 | 13.40ms
2026-08-26 00:39:41,634 | INFO | finance_tracker.budgets | req=9c397a88 | Budget create attempt: user_id=1, month=8, year=2027
2026-08-26 00:39:41,639 | INFO | finance_tracker.budgets | req=9c397a88 | Budget created: budget_id=2, user_id=1
2026-08-26 00:39:41,642 | INFO | finance_tracker.middleware | req=9c397a88 | POST /api/v1/budgets/ | 201 | 13.29ms
2026-08-26 00:39:41,650 | INFO | finance_tracker.budgets | req=abd234de | Budget create attempt: user_id=1, month=9, year=2026
2026-08-26 00:39:41,654 | INFO | finance_tracker.budgets | req=abd234de | Budget created: budget_id=3, user_id=1
2026-08-26 00:39:41,656 | INFO | finance_tracker.middleware | req=abd234de | POST /api/v1/budgets/ | 201 | 10.64ms
2026-08-26 00:39:41,663 | INFO | finance_tracker.budgets | req=6b71fc47 | Budget list requested: user_id=1, month=8, year=2026
2026-08-26 00:39:41,667 | INFO | finance_tracker.budgets | req=6b71fc47 | Budget list returned: user_id=1, count=1
2026-08-26 00:39:41,669 | INFO | finance_tracker.middleware | req=6b71fc47 | GET /api/v1/budgets/ | 200 | 10.21ms
2026-08-26 00:39:41,693 | INFO | finance_tracker.middleware | req=c0632820 | GET /api/v1/budgets/ | 401 | 3.46ms
2026-08-26 00:39:41,730 | INFO | finance_tracker.budgets | req=53caf114 | Current month budgets requested: user_id=1
2026-08-26 00:39:41,732 | INFO | finance_tracker.budgets | req=53caf114 | Current month budgets returned: user_id=1, count=0
2026-08-26 00:39:41,732 | INFO | finance_tracker.middleware | req=53caf114 | GET /api/v1/budgets/current-month | 200 | 5.68ms
2026-08-26 00:39:41,745 | INFO | finance_tracker.middleware | req=0569893e | GET /api/v1/budgets/current-month | 401 | 1.79ms
2026-08-26 00:39:41,763 | INFO | finance_tracker.budgets | req=846c2de2 | Budget create attempt: user_id=1, month=8, year=2026
2026-08-26 00:39:41,766 | INFO | finance_tracker.budgets | req=846c2de2 | Budget created: budget_id=1, user_id=1
2026-08-26 00:39:41,766 | INFO | finance_tracker.middleware | req=846c2de2 | POST /api/v1/budgets/ | 201 | 6.46ms
2026-08-26 00:39:41,772 | INFO | finance_tracker.budgets | req=5f60a295 | Budget fetched: budget_id=1, user_id=1
2026-08-26 00:39:41,772 | INFO | finance_tracker.middleware | req=5f60a295 | GET /api/v1/budgets/1 | 200 | 4.36ms
2026-08-26 00:39:41,789 | WARNING | finance_tracker.budgets | req=37559ca5 | Budget not found: budget_id=999999, user_id=1
2026-08-26 00:39:41,790 | INFO | finance_tracker.middleware | req=37559ca5 | GET /api/v1/budgets/999999 | 404 | 4.41ms
2026-08-26 00:39:41,804 | INFO | finance_tracker.budgets | req=b62e5817 | Budget create attempt: user_id=1, month=8, year=2026
2026-08-26 00:39:41,806 | INFO | finance_tracker.budgets | req=b62e5817 | Budget created: budget_id=1, user_id=1
2026-08-26 00:39:41,807 | INFO | finance_tracker.middleware | req=b62e5817 | POST /api/v1/budgets/ | 201 | 6.21ms
2026-08-26 00:39:41,810 | INFO | finance_tracker.middleware | req=5a283f6d | GET /api/v1/budgets/1 | 401 | 1.21ms
2026-08-26 00:39:41,825 | INFO | finance_tracker.budgets | req=83265703 | Budget create attempt: user_id=1, month=8, year=2026
2026-08-26 00:39:41,827 | INFO | finance_tracker.budgets | req=83265703 | Budget created: budget_id=1, user_id=1
2026-08-26 00:39:41,828 | INFO | finance_tracker.middleware | req=83265703 | POST /api/v1/budgets/ | 201 | 5.87ms
2026-08-26 00:39:41,831 | INFO | finance_tracker.budgets | req=cacdf37f | Budget fetched: budget_id=1, user_id=1
2026-08-26 00:39:41,836 | INFO | finance_tracker.middleware | req=cacdf37f | GET /api/v1/budgets/status/1 | 200 | 6.56ms
2026-08-26 00:39:41,851 | WARNING | finance_tracker.budgets | req=9fa54444 | Budget not found: budget_id=999999, user_id=1
2026-08-26 00:39:41,852 | INFO | finance_tracker.middleware | req=9fa54444 | GET /api/v1/budgets/status/999999 | 404 | 3.86ms
2026-08-26 00:39:41,868 | INFO | finance_tracker.budgets | req=1b6eb4b3 | Budget create attempt: user_id=1, month=8, year=2026
2026-08-26 00:39:41,870 | INFO | finance_tracker.budgets | req=1b6eb4b3 | Budget created: budget_id=1, user_id=1
2026-08-26 00:39:41,871 | INFO | finance_tracker.middleware | req=1b6eb4b3 | POST /api/v1/budgets/ | 201 | 6.09ms
2026-08-26 00:39:41,875 | INFO | finance_tracker.budgets | req=f6cbcd23 | Budget update attempt: budget_id=1, user_id=1
2026-08-26 00:39:41,876 | INFO | finance_tracker.budgets | req=f6cbcd23 | Budget fetched: budget_id=1, user_id=1
2026-08-26 00:39:41,878 | INFO | finance_tracker.budgets | req=f6cbcd23 | Budget updated: budget_id=1, user_id=1
2026-08-26 00:39:41,879 | INFO | finance_tracker.middleware | req=f6cbcd23 | PUT /api/v1/budgets/1 | 200 | 6.51ms
2026-08-26 00:39:41,911 | INFO | finance_tracker.budgets | req=22e6a454 | Budget create attempt: user_id=1, month=8, year=2026
2026-08-26 00:39:41,917 | INFO | finance_tracker.budgets | req=22e6a454 | Budget created: budget_id=1, user_id=1
2026-08-26 00:39:41,919 | INFO | finance_tracker.middleware | req=22e6a454 | POST /api/v1/budgets/ | 201 | 15.78ms
2026-08-26 00:39:41,933 | INFO | finance_tracker.budgets | req=f45b1ff7 | Budget update attempt: budget_id=1, user_id=1
2026-08-26 00:39:41,935 | INFO | finance_tracker.budgets | req=f45b1ff7 | Budget fetched: budget_id=1, user_id=1
2026-08-26 00:39:41,941 | INFO | finance_tracker.budgets | req=f45b1ff7 | Budget updated: budget_id=1, user_id=1
2026-08-26 00:39:41,943 | INFO | finance_tracker.middleware | req=f45b1ff7 | PUT /api/v1/budgets/1 | 200 | 19.57ms
2026-08-26 00:39:41,990 | INFO | finance_tracker.budgets | req=948dce52 | Budget create attempt: user_id=1, month=8, year=2026
2026-08-26 00:39:41,997 | INFO | finance_tracker.budgets | req=948dce52 | Budget created: budget_id=1, user_id=1
2026-08-26 00:39:41,998 | INFO | finance_tracker.middleware | req=948dce52 | POST /api/v1/budgets/ | 201 | 15.34ms
2026-08-26 00:39:42,007 | INFO | finance_tracker.middleware | req=43d63777 | PUT /api/v1/budgets/1 | 422 | 5.55ms
2026-08-26 00:39:42,039 | INFO | finance_tracker.budgets | req=375aa7a9 | Budget update attempt: budget_id=999999, user_id=1
2026-08-26 00:39:42,040 | WARNING | finance_tracker.budgets | req=375aa7a9 | Budget not found: budget_id=999999, user_id=1
2026-08-26 00:39:42,041 | INFO | finance_tracker.middleware | req=375aa7a9 | PUT /api/v1/budgets/999999 | 404 | 7.58ms
2026-08-26 00:39:42,064 | INFO | finance_tracker.budgets | req=ee3f315e | Budget create attempt: user_id=1, month=8, year=2026
2026-08-26 00:39:42,067 | INFO | finance_tracker.budgets | req=ee3f315e | Budget created: budget_id=1, user_id=1
2026-08-26 00:39:42,068 | INFO | finance_tracker.middleware | req=ee3f315e | POST /api/v1/budgets/ | 201 | 6.68ms
2026-08-26 00:39:42,072 | WARNING | finance_tracker.budgets | req=82e1ba65 | Budget delete attempt: budget_id=1, user_id=1
2026-08-26 00:39:42,073 | INFO | finance_tracker.budgets | req=82e1ba65 | Budget fetched: budget_id=1, user_id=1
2026-08-26 00:39:42,075 | WARNING | finance_tracker.budgets | req=82e1ba65 | Budget deleted: budget_id=1, user_id=1
2026-08-26 00:39:42,075 | INFO | finance_tracker.middleware | req=82e1ba65 | DELETE /api/v1/budgets/1 | 200 | 5.71ms
2026-08-26 00:39:42,080 | WARNING | finance_tracker.budgets | req=ddbf32fd | Budget not found: budget_id=1, user_id=1
2026-08-26 00:39:42,080 | INFO | finance_tracker.middleware | req=ddbf32fd | GET /api/v1/budgets/1 | 404 | 3.77ms
2026-08-26 00:39:42,114 | WARNING | finance_tracker.budgets | req=8840fe21 | Budget delete attempt: budget_id=999999, user_id=1
2026-08-26 00:39:42,116 | WARNING | finance_tracker.budgets | req=8840fe21 | Budget not found: budget_id=999999, user_id=1
2026-08-26 00:39:42,118 | INFO | finance_tracker.middleware | req=8840fe21 | DELETE /api/v1/budgets/999999 | 404 | 11.40ms
2026-08-26 00:39:42,144 | INFO | finance_tracker.middleware | req=8cea303f | DELETE /api/v1/budgets/999999 | 401 | 3.63ms
2026-08-26 00:43:20,097 | INFO | finance_tracker.Auth | req=bae01d7d | Registration attempt: register@finora.com
2026-08-26 00:43:20,123 | INFO | finance_tracker.Auth | req=bae01d7d | User registered successfully: user_id=1, email=register@finora.com
2026-08-26 00:43:20,125 | INFO | finance_tracker.middleware | req=bae01d7d | POST /api/v1/auth/register | 201 | 31.59ms
2026-08-26 00:43:20,141 | INFO | finance_tracker.Auth | req=be1ba597 | Registration attempt: duplicate@finora.com
2026-08-26 00:43:20,155 | INFO | finance_tracker.Auth | req=be1ba597 | User registered successfully: user_id=1, email=duplicate@finora.com
2026-08-26 00:43:20,156 | INFO | finance_tracker.middleware | req=be1ba597 | POST /api/v1/auth/register | 201 | 17.80ms
2026-08-26 00:43:20,160 | INFO | finance_tracker.Auth | req=6f4f71c4 | Registration attempt: duplicate@finora.com
2026-08-26 00:43:20,161 | WARNING | finance_tracker.Auth | req=6f4f71c4 | Registration failed: email already exists (duplicate@finora.com)
2026-08-26 00:43:20,162 | INFO | finance_tracker.middleware | req=6f4f71c4 | POST /api/v1/auth/register | 400 | 3.35ms
2026-08-26 00:43:20,177 | INFO | finance_tracker.middleware | req=34f15732 | POST /api/v1/auth/register | 422 | 2.82ms
2026-08-26 00:43:20,196 | INFO | finance_tracker.middleware | req=a79f39ef | POST /api/v1/auth/register | 422 | 2.47ms
2026-08-26 00:43:20,215 | INFO | finance_tracker.middleware | req=99f2287c | POST /api/v1/auth/register | 422 | 2.92ms
2026-08-26 00:43:20,234 | INFO | finance_tracker.Auth | req=9090bdf4 | Registration attempt: login@finora.com
2026-08-26 00:43:20,250 | INFO | finance_tracker.Auth | req=9090bdf4 | User registered successfully: user_id=1, email=login@finora.com
2026-08-26 00:43:20,253 | INFO | finance_tracker.middleware | req=9090bdf4 | POST /api/v1/auth/register | 201 | 22.46ms
2026-08-26 00:43:20,263 | INFO | finance_tracker.Auth | req=84a8f55d | Login attempt: login@finora.com
2026-08-26 00:43:20,275 | INFO | finance_tracker.Auth | req=84a8f55d | Login successful: user_id=1, email=login@finora.com
2026-08-26 00:43:20,276 | INFO | finance_tracker.middleware | req=84a8f55d | POST /api/v1/auth/login | 200 | 19.32ms
2026-08-26 00:43:20,292 | INFO | finance_tracker.Auth | req=a3a87494 | Registration attempt: wrong-password@finora.com
2026-08-26 00:43:20,305 | INFO | finance_tracker.Auth | req=a3a87494 | User registered successfully: user_id=1, email=wrong-password@finora.com
2026-08-26 00:43:20,307 | INFO | finance_tracker.middleware | req=a3a87494 | POST /api/v1/auth/register | 201 | 17.78ms
2026-08-26 00:43:20,317 | INFO | finance_tracker.Auth | req=00dd0c97 | Login attempt: wrong-password@finora.com
2026-08-26 00:43:20,327 | WARNING | finance_tracker.Auth | req=00dd0c97 | Login failed: wrong password (user_id=1, email=wrong-password@finora.com)
2026-08-26 00:43:20,328 | INFO | finance_tracker.middleware | req=00dd0c97 | POST /api/v1/auth/login | 401 | 18.16ms
2026-08-26 00:43:20,349 | INFO | finance_tracker.Auth | req=92427213 | Login attempt: does-not-exist@finora.com
2026-08-26 00:43:20,352 | WARNING | finance_tracker.Auth | req=92427213 | Login failed: user not found (does-not-exist@finora.com)
2026-08-26 00:43:20,353 | INFO | finance_tracker.middleware | req=92427213 | POST /api/v1/auth/login | 401 | 11.39ms
2026-08-26 00:43:20,387 | INFO | finance_tracker.middleware | req=b08a15b0 | POST /api/v1/auth/login | 422 | 14.03ms
2026-08-26 00:43:20,429 | INFO | finance_tracker.Auth | req=adc2dc2b | Profile accessed: user_id=1
2026-08-26 00:43:20,431 | INFO | finance_tracker.middleware | req=adc2dc2b | GET /api/v1/auth/me | 200 | 8.20ms
2026-08-26 00:43:20,447 | INFO | finance_tracker.middleware | req=03cb0e86 | GET /api/v1/auth/me | 401 | 1.07ms
2026-08-26 00:43:20,464 | INFO | finance_tracker.middleware | req=5894837c | GET /api/v1/auth/me | 401 | 3.76ms
2026-08-26 00:43:20,503 | INFO | finance_tracker.budgets | req=713c1025 | Budget create attempt: user_id=1, month=8, year=2026
2026-08-26 00:43:20,512 | INFO | finance_tracker.budgets | req=713c1025 | Budget created: budget_id=1, user_id=1
2026-08-26 00:43:20,514 | INFO | finance_tracker.middleware | req=713c1025 | POST /api/v1/budgets/ | 201 | 16.97ms
2026-08-26 00:43:20,529 | INFO | finance_tracker.middleware | req=8646132d | POST /api/v1/budgets/ | 401 | 2.94ms
2026-08-26 00:43:20,565 | INFO | finance_tracker.budgets | req=146bb3a7 | Budget create attempt: user_id=1, month=8, year=2026
2026-08-26 00:43:20,570 | WARNING | finance_tracker.budgets | req=146bb3a7 | Invalid category in budget: user_id=1, category_id=1
2026-08-26 00:43:20,571 | INFO | finance_tracker.middleware | req=146bb3a7 | POST /api/v1/budgets/ | 404 | 10.54ms
2026-08-26 00:43:20,601 | INFO | finance_tracker.middleware | req=1b4ea438 | POST /api/v1/budgets/ | 422 | 5.10ms
2026-08-26 00:43:20,635 | INFO | finance_tracker.middleware | req=62001faf | POST /api/v1/budgets/ | 422 | 7.14ms
2026-08-26 00:43:20,668 | INFO | finance_tracker.middleware | req=157cde11 | POST /api/v1/budgets/ | 422 | 5.90ms
2026-08-26 00:43:20,707 | INFO | finance_tracker.budgets | req=9e567d6c | Budget create attempt: user_id=1, month=8, year=2026
2026-08-26 00:43:20,712 | INFO | finance_tracker.budgets | req=9e567d6c | Budget created: budget_id=1, user_id=1
2026-08-26 00:43:20,713 | INFO | finance_tracker.middleware | req=9e567d6c | POST /api/v1/budgets/ | 201 | 10.36ms
2026-08-26 00:43:20,723 | INFO | finance_tracker.budgets | req=24658b53 | Budget list requested: user_id=1, month=None, year=None
2026-08-26 00:43:20,726 | INFO | finance_tracker.budgets | req=24658b53 | Budget list returned: user_id=1, count=1
2026-08-26 00:43:20,727 | INFO | finance_tracker.middleware | req=24658b53 | GET /api/v1/budgets/ | 200 | 11.09ms
2026-08-26 00:43:20,764 | INFO | finance_tracker.budgets | req=65de04fe | Budget create attempt: user_id=1, month=8, year=2026
2026-08-26 00:43:20,769 | INFO | finance_tracker.budgets | req=65de04fe | Budget created: budget_id=1, user_id=1
2026-08-26 00:43:20,770 | INFO | finance_tracker.middleware | req=65de04fe | POST /api/v1/budgets/ | 201 | 11.94ms
2026-08-26 00:43:20,780 | INFO | finance_tracker.budgets | req=902bff07 | Budget create attempt: user_id=1, month=9, year=2026
2026-08-26 00:43:20,786 | INFO | finance_tracker.budgets | req=902bff07 | Budget created: budget_id=2, user_id=1
2026-08-26 00:43:20,788 | INFO | finance_tracker.middleware | req=902bff07 | POST /api/v1/budgets/ | 201 | 13.93ms
2026-08-26 00:43:20,800 | INFO | finance_tracker.budgets | req=1d78f581 | Budget list requested: user_id=1, month=8, year=None
2026-08-26 00:43:20,804 | INFO | finance_tracker.budgets | req=1d78f581 | Budget list returned: user_id=1, count=1
2026-08-26 00:43:20,805 | INFO | finance_tracker.middleware | req=1d78f581 | GET /api/v1/budgets/ | 200 | 13.91ms
2026-08-26 00:43:20,840 | INFO | finance_tracker.budgets | req=6635f6dd | Budget create attempt: user_id=1, month=8, year=2026
2026-08-26 00:43:20,845 | INFO | finance_tracker.budgets | req=6635f6dd | Budget created: budget_id=1, user_id=1
2026-08-26 00:43:20,846 | INFO | finance_tracker.middleware | req=6635f6dd | POST /api/v1/budgets/ | 201 | 10.73ms
2026-08-26 00:43:20,854 | INFO | finance_tracker.budgets | req=d11b522d | Budget create attempt: user_id=1, month=8, year=2027
2026-08-26 00:43:20,857 | INFO | finance_tracker.budgets | req=d11b522d | Budget created: budget_id=2, user_id=1
2026-08-26 00:43:20,858 | INFO | finance_tracker.middleware | req=d11b522d | POST /api/v1/budgets/ | 201 | 9.29ms
2026-08-26 00:43:20,867 | INFO | finance_tracker.budgets | req=414a8a55 | Budget list requested: user_id=1, month=None, year=2026
2026-08-26 00:43:20,869 | INFO | finance_tracker.budgets | req=414a8a55 | Budget list returned: user_id=1, count=1
2026-08-26 00:43:20,871 | INFO | finance_tracker.middleware | req=414a8a55 | GET /api/v1/budgets/ | 200 | 9.98ms
2026-08-26 00:43:20,918 | INFO | finance_tracker.budgets | req=5ccc46c8 | Budget create attempt: user_id=1, month=8, year=2026
2026-08-26 00:43:20,925 | INFO | finance_tracker.budgets | req=5ccc46c8 | Budget created: budget_id=1, user_id=1
2026-08-26 00:43:20,927 | INFO | finance_tracker.middleware | req=5ccc46c8 | POST /api/v1/budgets/ | 201 | 16.99ms
2026-08-26 00:43:20,937 | INFO | finance_tracker.budgets | req=0ab2921e | Budget create attempt: user_id=1, month=8, year=2027
2026-08-26 00:43:20,941 | INFO | finance_tracker.budgets | req=0ab2921e | Budget created: budget_id=2, user_id=1
2026-08-26 00:43:20,942 | INFO | finance_tracker.middleware | req=0ab2921e | POST /api/v1/budgets/ | 201 | 10.60ms
2026-08-26 00:43:20,952 | INFO | finance_tracker.budgets | req=e410d764 | Budget create attempt: user_id=1, month=9, year=2026
2026-08-26 00:43:20,955 | INFO | finance_tracker.budgets | req=e410d764 | Budget created: budget_id=3, user_id=1
2026-08-26 00:43:20,956 | INFO | finance_tracker.middleware | req=e410d764 | POST /api/v1/budgets/ | 201 | 10.34ms
2026-08-26 00:43:20,963 | INFO | finance_tracker.budgets | req=a4922e8e | Budget list requested: user_id=1, month=8, year=2026
2026-08-26 00:43:20,965 | INFO | finance_tracker.budgets | req=a4922e8e | Budget list returned: user_id=1, count=1
2026-08-26 00:43:20,966 | INFO | finance_tracker.middleware | req=a4922e8e | GET /api/v1/budgets/ | 200 | 7.62ms
2026-08-26 00:43:20,981 | INFO | finance_tracker.middleware | req=191b395d | GET /api/v1/budgets/ | 401 | 2.41ms
2026-08-26 00:43:21,017 | INFO | finance_tracker.budgets | req=9de2669b | Current month budgets requested: user_id=1
2026-08-26 00:43:21,020 | INFO | finance_tracker.budgets | req=9de2669b | Current month budgets returned: user_id=1, count=0
2026-08-26 00:43:21,021 | INFO | finance_tracker.middleware | req=9de2669b | GET /api/v1/budgets/current-month | 200 | 11.59ms
2026-08-26 00:43:21,036 | INFO | finance_tracker.middleware | req=0880e8d3 | GET /api/v1/budgets/current-month | 401 | 2.71ms
2026-08-26 00:43:21,073 | INFO | finance_tracker.budgets | req=3126c727 | Budget create attempt: user_id=1, month=8, year=2026
2026-08-26 00:43:21,077 | INFO | finance_tracker.budgets | req=3126c727 | Budget created: budget_id=1, user_id=1
2026-08-26 00:43:21,078 | INFO | finance_tracker.middleware | req=3126c727 | POST /api/v1/budgets/ | 201 | 11.32ms
2026-08-26 00:43:21,087 | INFO | finance_tracker.budgets | req=8a54889f | Budget fetched: budget_id=1, user_id=1
2026-08-26 00:43:21,088 | INFO | finance_tracker.middleware | req=8a54889f | GET /api/v1/budgets/1 | 200 | 6.94ms
2026-08-26 00:43:21,117 | WARNING | finance_tracker.budgets | req=76c1e3cf | Budget not found: budget_id=999999, user_id=1
2026-08-26 00:43:21,118 | INFO | finance_tracker.middleware | req=76c1e3cf | GET /api/v1/budgets/999999 | 404 | 5.25ms
2026-08-26 00:43:21,149 | INFO | finance_tracker.budgets | req=eda3815e | Budget create attempt: user_id=1, month=8, year=2026
2026-08-26 00:43:21,153 | INFO | finance_tracker.budgets | req=eda3815e | Budget created: budget_id=1, user_id=1
2026-08-26 00:43:21,155 | INFO | finance_tracker.middleware | req=eda3815e | POST /api/v1/budgets/ | 201 | 10.12ms
2026-08-26 00:43:21,159 | INFO | finance_tracker.middleware | req=bcdaacfb | GET /api/v1/budgets/1 | 401 | 2.26ms
2026-08-26 00:43:21,197 | INFO | finance_tracker.budgets | req=ea435a17 | Budget create attempt: user_id=1, month=8, year=2026
2026-08-26 00:43:21,201 | INFO | finance_tracker.budgets | req=ea435a17 | Budget created: budget_id=1, user_id=1
2026-08-26 00:43:21,203 | INFO | finance_tracker.middleware | req=ea435a17 | POST /api/v1/budgets/ | 201 | 13.49ms
2026-08-26 00:43:21,211 | INFO | finance_tracker.budgets | req=6a9ccd65 | Budget fetched: budget_id=1, user_id=1
2026-08-26 00:43:21,218 | INFO | finance_tracker.middleware | req=6a9ccd65 | GET /api/v1/budgets/status/1 | 200 | 12.54ms
2026-08-26 00:43:21,252 | WARNING | finance_tracker.budgets | req=7417c929 | Budget not found: budget_id=999999, user_id=1
2026-08-26 00:43:21,254 | INFO | finance_tracker.middleware | req=7417c929 | GET /api/v1/budgets/status/999999 | 404 | 7.20ms
2026-08-26 00:43:21,291 | INFO | finance_tracker.budgets | req=b194ac16 | Budget create attempt: user_id=1, month=8, year=2026
2026-08-26 00:43:21,297 | INFO | finance_tracker.budgets | req=b194ac16 | Budget created: budget_id=1, user_id=1
2026-08-26 00:43:21,299 | INFO | finance_tracker.middleware | req=b194ac16 | POST /api/v1/budgets/ | 201 | 12.96ms
2026-08-26 00:43:21,308 | INFO | finance_tracker.budgets | req=5dbc7f59 | Budget update attempt: budget_id=1, user_id=1
2026-08-26 00:43:21,309 | INFO | finance_tracker.budgets | req=5dbc7f59 | Budget fetched: budget_id=1, user_id=1
2026-08-26 00:43:21,315 | INFO | finance_tracker.budgets | req=5dbc7f59 | Budget updated: budget_id=1, user_id=1
2026-08-26 00:43:21,317 | INFO | finance_tracker.middleware | req=5dbc7f59 | PUT /api/v1/budgets/1 | 200 | 13.76ms
2026-08-26 00:43:21,350 | INFO | finance_tracker.budgets | req=440b84b8 | Budget create attempt: user_id=1, month=8, year=2026
2026-08-26 00:43:21,355 | INFO | finance_tracker.budgets | req=440b84b8 | Budget created: budget_id=1, user_id=1
2026-08-26 00:43:21,356 | INFO | finance_tracker.middleware | req=440b84b8 | POST /api/v1/budgets/ | 201 | 11.94ms
2026-08-26 00:43:21,366 | INFO | finance_tracker.budgets | req=13512c23 | Budget update attempt: budget_id=1, user_id=1
2026-08-26 00:43:21,367 | INFO | finance_tracker.budgets | req=13512c23 | Budget fetched: budget_id=1, user_id=1
2026-08-26 00:43:21,371 | INFO | finance_tracker.budgets | req=13512c23 | Budget updated: budget_id=1, user_id=1
2026-08-26 00:43:21,372 | INFO | finance_tracker.middleware | req=13512c23 | PUT /api/v1/budgets/1 | 200 | 13.61ms
2026-08-26 00:43:21,408 | INFO | finance_tracker.budgets | req=e829136f | Budget create attempt: user_id=1, month=8, year=2026
2026-08-26 00:43:21,413 | INFO | finance_tracker.budgets | req=e829136f | Budget created: budget_id=1, user_id=1
2026-08-26 00:43:21,415 | INFO | finance_tracker.middleware | req=e829136f | POST /api/v1/budgets/ | 201 | 14.17ms
2026-08-26 00:43:21,425 | INFO | finance_tracker.middleware | req=b56f2cf7 | PUT /api/v1/budgets/1 | 422 | 5.51ms
2026-08-26 00:43:21,460 | INFO | finance_tracker.budgets | req=c462580d | Budget update attempt: budget_id=999999, user_id=1
2026-08-26 00:43:21,461 | WARNING | finance_tracker.budgets | req=c462580d | Budget not found: budget_id=999999, user_id=1
2026-08-26 00:43:21,462 | INFO | finance_tracker.middleware | req=c462580d | PUT /api/v1/budgets/999999 | 404 | 7.76ms
2026-08-26 00:43:21,497 | INFO | finance_tracker.budgets | req=6e249bed | Budget create attempt: user_id=1, month=8, year=2026
2026-08-26 00:43:21,501 | INFO | finance_tracker.budgets | req=6e249bed | Budget created: budget_id=1, user_id=1
2026-08-26 00:43:21,503 | INFO | finance_tracker.middleware | req=6e249bed | POST /api/v1/budgets/ | 201 | 11.83ms
2026-08-26 00:43:21,509 | WARNING | finance_tracker.budgets | req=9c6a2a11 | Budget delete attempt: budget_id=1, user_id=1
2026-08-26 00:43:21,510 | INFO | finance_tracker.budgets | req=9c6a2a11 | Budget fetched: budget_id=1, user_id=1
2026-08-26 00:43:21,514 | WARNING | finance_tracker.budgets | req=9c6a2a11 | Budget deleted: budget_id=1, user_id=1
2026-08-26 00:43:21,514 | INFO | finance_tracker.middleware | req=9c6a2a11 | DELETE /api/v1/budgets/1 | 200 | 8.95ms
2026-08-26 00:43:21,521 | WARNING | finance_tracker.budgets | req=b4074f74 | Budget not found: budget_id=1, user_id=1
2026-08-26 00:43:21,522 | INFO | finance_tracker.middleware | req=b4074f74 | GET /api/v1/budgets/1 | 404 | 5.10ms
2026-08-26 00:43:21,554 | WARNING | finance_tracker.budgets | req=9ae7e818 | Budget delete attempt: budget_id=999999, user_id=1
2026-08-26 00:43:21,555 | WARNING | finance_tracker.budgets | req=9ae7e818 | Budget not found: budget_id=999999, user_id=1
2026-08-26 00:43:21,556 | INFO | finance_tracker.middleware | req=9ae7e818 | DELETE /api/v1/budgets/999999 | 404 | 10.66ms
2026-08-26 00:43:21,575 | INFO | finance_tracker.middleware | req=c5ccd2bd | DELETE /api/v1/budgets/999999 | 401 | 3.21ms
2026-08-26 00:43:21,610 | INFO | finance_tracker.categories | req=205c7a4a | Category create attempt: user_id=1, name=Salary, type=TransactionType.INCOME
2026-08-26 00:43:21,620 | INFO | finance_tracker.categories | req=205c7a4a | Category created: category_id=1, user_id=1
2026-08-26 00:43:21,621 | INFO | finance_tracker.middleware | req=205c7a4a | POST /api/v1/categories/ | 201 | 17.74ms
2026-08-26 00:43:21,654 | INFO | finance_tracker.categories | req=e67c02d6 | Category create attempt: user_id=1, name=Food, type=TransactionType.EXPENSE
2026-08-26 00:43:21,659 | INFO | finance_tracker.categories | req=e67c02d6 | Category created: category_id=1, user_id=1
2026-08-26 00:43:21,660 | INFO | finance_tracker.middleware | req=e67c02d6 | POST /api/v1/categories/ | 201 | 12.12ms
2026-08-26 00:43:21,681 | INFO | finance_tracker.middleware | req=ba588dab | POST /api/v1/categories/ | 401 | 4.50ms
2026-08-26 00:43:21,732 | INFO | finance_tracker.middleware | req=c6349c80 | POST /api/v1/categories/ | 422 | 10.96ms
2026-08-26 00:43:21,781 | INFO | finance_tracker.middleware | req=ed2e2164 | POST /api/v1/categories/ | 422 | 8.64ms
2026-08-26 00:43:21,836 | INFO | finance_tracker.middleware | req=1b8eaa58 | POST /api/v1/categories/ | 422 | 8.96ms
2026-08-26 00:43:21,892 | INFO | finance_tracker.middleware | req=d37bd00d | POST /api/v1/categories/ | 422 | 8.74ms
2026-08-26 00:43:21,936 | INFO | finance_tracker.categories | req=a143bfac | Category create attempt: user_id=1, name=Food, type=TransactionType.EXPENSE
2026-08-26 00:43:21,942 | INFO | finance_tracker.categories | req=a143bfac | Category created: category_id=1, user_id=1
2026-08-26 00:43:21,943 | INFO | finance_tracker.middleware | req=a143bfac | POST /api/v1/categories/ | 201 | 12.11ms
2026-08-26 00:43:21,950 | INFO | finance_tracker.categories | req=ad910ac6 | Category list requested: user_id=1, type=None
2026-08-26 00:43:21,952 | INFO | finance_tracker.categories | req=ad910ac6 | Category list returned: user_id=1, count=1
2026-08-26 00:43:21,953 | INFO | finance_tracker.middleware | req=ad910ac6 | GET /api/v1/categories/ | 200 | 6.93ms
2026-08-26 00:43:21,971 | INFO | finance_tracker.middleware | req=7df4d4fb | GET /api/v1/categories/ | 401 | 2.80ms
2026-08-26 00:43:22,011 | INFO | finance_tracker.categories | req=5a987c6a | Category create attempt: user_id=1, name=Salary, type=TransactionType.INCOME
2026-08-26 00:43:22,016 | INFO | finance_tracker.categories | req=5a987c6a | Category created: category_id=1, user_id=1
2026-08-26 00:43:22,018 | INFO | finance_tracker.middleware | req=5a987c6a | POST /api/v1/categories/ | 201 | 12.68ms
2026-08-26 00:43:22,026 | INFO | finance_tracker.categories | req=98b977a7 | Category create attempt: user_id=1, name=Food, type=TransactionType.EXPENSE
2026-08-26 00:43:22,029 | INFO | finance_tracker.categories | req=98b977a7 | Category created: category_id=2, user_id=1
2026-08-26 00:43:22,030 | INFO | finance_tracker.middleware | req=98b977a7 | POST /api/v1/categories/ | 201 | 9.00ms
2026-08-26 00:43:22,038 | INFO | finance_tracker.categories | req=7a43ae82 | Category list requested: user_id=1, type=TransactionType.INCOME
2026-08-26 00:43:22,040 | INFO | finance_tracker.categories | req=7a43ae82 | Category list returned: user_id=1, count=1
2026-08-26 00:43:22,041 | INFO | finance_tracker.middleware | req=7a43ae82 | GET /api/v1/categories/ | 200 | 7.63ms
2026-08-26 00:43:22,072 | INFO | finance_tracker.categories | req=201eedc7 | Category create attempt: user_id=1, name=Salary, type=TransactionType.INCOME
2026-08-26 00:43:22,076 | INFO | finance_tracker.categories | req=201eedc7 | Category created: category_id=1, user_id=1
2026-08-26 00:43:22,077 | INFO | finance_tracker.middleware | req=201eedc7 | POST /api/v1/categories/ | 201 | 9.66ms
2026-08-26 00:43:22,084 | INFO | finance_tracker.categories | req=e1072b10 | Category create attempt: user_id=1, name=Food, type=TransactionType.EXPENSE
2026-08-26 00:43:22,087 | INFO | finance_tracker.categories | req=e1072b10 | Category created: category_id=2, user_id=1
2026-08-26 00:43:22,088 | INFO | finance_tracker.middleware | req=e1072b10 | POST /api/v1/categories/ | 201 | 8.58ms
2026-08-26 00:43:22,094 | INFO | finance_tracker.categories | req=32ef627b | Category list requested: user_id=1, type=TransactionType.EXPENSE
2026-08-26 00:43:22,095 | INFO | finance_tracker.categories | req=32ef627b | Category list returned: user_id=1, count=1
2026-08-26 00:43:22,096 | INFO | finance_tracker.middleware | req=32ef627b | GET /api/v1/categories/ | 200 | 5.18ms
2026-08-26 00:43:22,121 | INFO | finance_tracker.categories | req=f461ba08 | Category create attempt: user_id=1, name=Food, type=TransactionType.EXPENSE
2026-08-26 00:43:22,125 | INFO | finance_tracker.categories | req=f461ba08 | Category created: category_id=1, user_id=1
2026-08-26 00:43:22,126 | INFO | finance_tracker.middleware | req=f461ba08 | POST /api/v1/categories/ | 201 | 9.25ms
2026-08-26 00:43:22,134 | INFO | finance_tracker.categories | req=dde794f1 | Category fetched: category_id=1, user_id=1
2026-08-26 00:43:22,135 | INFO | finance_tracker.middleware | req=dde794f1 | GET /api/v1/categories/1 | 200 | 6.69ms
2026-08-26 00:43:22,164 | INFO | finance_tracker.categories | req=61192e57 | Category create attempt: user_id=1, name=Food, type=TransactionType.EXPENSE
2026-08-26 00:43:22,169 | INFO | finance_tracker.categories | req=61192e57 | Category created: category_id=1, user_id=1
2026-08-26 00:43:22,171 | INFO | finance_tracker.middleware | req=61192e57 | POST /api/v1/categories/ | 201 | 11.25ms
2026-08-26 00:43:22,176 | INFO | finance_tracker.middleware | req=07380f34 | GET /api/v1/categories/1 | 401 | 2.25ms
2026-08-26 00:43:22,206 | WARNING | finance_tracker.categories | req=d83ba312 | Category not found: category_id=999999, user_id=1
2026-08-26 00:43:22,206 | INFO | finance_tracker.middleware | req=d83ba312 | GET /api/v1/categories/999999 | 404 | 5.84ms
2026-08-26 00:43:22,235 | INFO | finance_tracker.categories | req=d63ef72b | Category create attempt: user_id=1, name=Old Name, type=TransactionType.EXPENSE
2026-08-26 00:43:22,239 | INFO | finance_tracker.categories | req=d63ef72b | Category created: category_id=1, user_id=1
2026-08-26 00:43:22,243 | INFO | finance_tracker.middleware | req=d63ef72b | POST /api/v1/categories/ | 201 | 12.44ms
2026-08-26 00:43:22,251 | INFO | finance_tracker.categories | req=d6aa7219 | Category update attempt: category_id=1, user_id=1
2026-08-26 00:43:22,252 | INFO | finance_tracker.categories | req=d6aa7219 | Category fetched: category_id=1, user_id=1
2026-08-26 00:43:22,257 | INFO | finance_tracker.categories | req=d6aa7219 | Category updated: category_id=1, user_id=1
2026-08-26 00:43:22,259 | INFO | finance_tracker.middleware | req=d6aa7219 | PUT /api/v1/categories/1 | 200 | 12.89ms
2026-08-26 00:43:22,292 | INFO | finance_tracker.categories | req=e274fb0b | Category create attempt: user_id=1, name=Adjustable Category, type=TransactionType.EXPENSE
2026-08-26 00:43:22,297 | INFO | finance_tracker.categories | req=e274fb0b | Category created: category_id=1, user_id=1
2026-08-26 00:43:22,298 | INFO | finance_tracker.middleware | req=e274fb0b | POST /api/v1/categories/ | 201 | 12.62ms
2026-08-26 00:43:22,305 | INFO | finance_tracker.categories | req=6dde3c64 | Category update attempt: category_id=1, user_id=1
2026-08-26 00:43:22,306 | INFO | finance_tracker.categories | req=6dde3c64 | Category fetched: category_id=1, user_id=1
2026-08-26 00:43:22,309 | INFO | finance_tracker.categories | req=6dde3c64 | Category updated: category_id=1, user_id=1
2026-08-26 00:43:22,310 | INFO | finance_tracker.middleware | req=6dde3c64 | PUT /api/v1/categories/1 | 200 | 9.74ms
2026-08-26 00:43:22,343 | INFO | finance_tracker.categories | req=70ddf6f2 | Category create attempt: user_id=1, name=Food, type=TransactionType.EXPENSE
2026-08-26 00:43:22,348 | INFO | finance_tracker.categories | req=70ddf6f2 | Category created: category_id=1, user_id=1
2026-08-26 00:43:22,350 | INFO | finance_tracker.middleware | req=70ddf6f2 | POST /api/v1/categories/ | 201 | 11.61ms
2026-08-26 00:43:22,357 | INFO | finance_tracker.middleware | req=e7e46a3b | PUT /api/v1/categories/1 | 422 | 4.22ms
2026-08-26 00:43:22,384 | INFO | finance_tracker.categories | req=10ef9114 | Category update attempt: category_id=999999, user_id=1
2026-08-26 00:43:22,385 | WARNING | finance_tracker.categories | req=10ef9114 | Category not found: category_id=999999, user_id=1
2026-08-26 00:43:22,386 | INFO | finance_tracker.middleware | req=10ef9114 | PUT /api/v1/categories/999999 | 404 | 6.34ms
2026-08-26 00:43:22,418 | INFO | finance_tracker.categories | req=beea33a8 | Category create attempt: user_id=1, name=Food, type=TransactionType.EXPENSE
2026-08-26 00:43:22,421 | INFO | finance_tracker.categories | req=beea33a8 | Category created: category_id=1, user_id=1
2026-08-26 00:43:22,422 | INFO | finance_tracker.middleware | req=beea33a8 | POST /api/v1/categories/ | 201 | 9.40ms
2026-08-26 00:43:22,428 | WARNING | finance_tracker.categories | req=d12b6a2c | Category delete attempt: category_id=1, user_id=1
2026-08-26 00:43:22,429 | INFO | finance_tracker.categories | req=d12b6a2c | Category fetched: category_id=1, user_id=1
2026-08-26 00:43:22,435 | WARNING | finance_tracker.categories | req=d12b6a2c | Category deleted: category_id=1, user_id=1
2026-08-26 00:43:22,436 | INFO | finance_tracker.middleware | req=d12b6a2c | DELETE /api/v1/categories/1 | 200 | 11.33ms
2026-08-26 00:43:22,442 | WARNING | finance_tracker.categories | req=5fbd6f04 | Category not found: category_id=1, user_id=1
2026-08-26 00:43:22,443 | INFO | finance_tracker.middleware | req=5fbd6f04 | GET /api/v1/categories/1 | 404 | 4.72ms
2026-08-26 00:43:22,470 | WARNING | finance_tracker.categories | req=f979d1f4 | Category delete attempt: category_id=999999, user_id=1
2026-08-26 00:43:22,472 | WARNING | finance_tracker.categories | req=f979d1f4 | Category not found: category_id=999999, user_id=1
2026-08-26 00:43:22,473 | INFO | finance_tracker.middleware | req=f979d1f4 | DELETE /api/v1/categories/999999 | 404 | 6.55ms
2026-08-26 00:43:22,490 | INFO | finance_tracker.middleware | req=3b05eadd | DELETE /api/v1/categories/999999 | 401 | 2.84ms
2026-08-26 00:43:22,521 | INFO | finance_tracker.dashboard | req=6265cfd9 | Dashboard summary requested: user_id=1
2026-08-26 00:43:22,536 | INFO | finance_tracker.dashboard | req=6265cfd9 | Dashboard summary generated: user_id=1
2026-08-26 00:43:22,536 | INFO | finance_tracker.middleware | req=6265cfd9 | GET /api/v1/dashboard/summary | 200 | 19.84ms
2026-08-26 00:43:22,568 | INFO | finance_tracker.dashboard | req=319f8630 | Dashboard summary requested: user_id=1
2026-08-26 00:43:22,572 | INFO | finance_tracker.dashboard | req=319f8630 | Dashboard summary generated: user_id=1
2026-08-26 00:43:22,573 | INFO | finance_tracker.middleware | req=319f8630 | GET /api/v1/dashboard/summary | 200 | 9.90ms
2026-08-26 00:43:22,610 | INFO | finance_tracker.middleware | req=a5b912ad | GET /api/v1/dashboard/summary | 422 | 7.26ms
2026-08-26 00:43:22,650 | INFO | finance_tracker.middleware | req=60b261cf | GET /api/v1/dashboard/summary | 422 | 6.68ms
2026-08-26 00:43:22,673 | INFO | finance_tracker.middleware | req=5422bf61 | GET /api/v1/dashboard/summary | 401 | 3.78ms
2026-08-26 00:43:22,719 | INFO | finance_tracker.dashboard | req=65c39e17 | Monthly trend requested: user_id=1
2026-08-26 00:43:22,725 | INFO | finance_tracker.dashboard | req=65c39e17 | Monthly trend generated: user_id=1
2026-08-26 00:43:22,727 | INFO | finance_tracker.middleware | req=65c39e17 | GET /api/v1/dashboard/monthly-trend | 200 | 15.63ms
2026-08-26 00:43:22,770 | INFO | finance_tracker.dashboard | req=f50db10b | Monthly trend requested: user_id=1
2026-08-26 00:43:22,773 | INFO | finance_tracker.dashboard | req=f50db10b | Monthly trend generated: user_id=1
2026-08-26 00:43:22,774 | INFO | finance_tracker.middleware | req=f50db10b | GET /api/v1/dashboard/monthly-trend | 200 | 12.49ms
2026-08-26 00:43:22,818 | INFO | finance_tracker.middleware | req=315aeb49 | GET /api/v1/dashboard/monthly-trend | 422 | 6.97ms
2026-08-26 00:43:22,841 | INFO | finance_tracker.middleware | req=b0e09cc2 | GET /api/v1/dashboard/monthly-trend | 401 | 3.43ms
2026-08-26 00:43:22,889 | INFO | finance_tracker.dashboard | req=896b42f6 | Category breakdown requested: user_id=1
2026-08-26 00:43:22,896 | INFO | finance_tracker.dashboard | req=896b42f6 | Category breakdown generated: user_id=1
2026-08-26 00:43:22,897 | INFO | finance_tracker.middleware | req=896b42f6 | GET /api/v1/dashboard/category-breakdown | 200 | 16.90ms
2026-08-26 00:43:22,953 | INFO | finance_tracker.dashboard | req=29c333ee | Category breakdown requested: user_id=1
2026-08-26 00:43:22,957 | INFO | finance_tracker.dashboard | req=29c333ee | Category breakdown generated: user_id=1
2026-08-26 00:43:22,958 | INFO | finance_tracker.middleware | req=29c333ee | GET /api/v1/dashboard/category-breakdown | 200 | 12.55ms
2026-08-26 00:43:23,015 | INFO | finance_tracker.middleware | req=f5c12f3e | GET /api/v1/dashboard/category-breakdown | 422 | 8.02ms
2026-08-26 00:43:23,059 | INFO | finance_tracker.middleware | req=280a6008 | GET /api/v1/dashboard/category-breakdown | 422 | 8.26ms
2026-08-26 00:43:23,081 | INFO | finance_tracker.middleware | req=5285dd6f | GET /api/v1/dashboard/category-breakdown | 401 | 3.24ms
2026-08-26 00:43:23,119 | INFO | finance_tracker.middleware | req=433b3e10 | GET /api/v1/dashboard/status | 200 | 7.62ms
2026-08-26 00:43:23,154 | INFO | finance_tracker.middleware | req=5130496d | GET /api/v1/dashboard/status | 422 | 6.19ms
2026-08-26 00:43:23,184 | INFO | finance_tracker.middleware | req=9da9e0ca | GET /api/v1/dashboard/status | 422 | 4.82ms
2026-08-26 00:43:23,217 | INFO | finance_tracker.middleware | req=9e8dc67c | GET /api/v1/dashboard/status | 422 | 5.55ms
2026-08-26 00:43:23,252 | INFO | finance_tracker.middleware | req=c26cbc02 | GET /api/v1/dashboard/status | 422 | 5.90ms
2026-08-26 00:43:23,269 | INFO | finance_tracker.middleware | req=c2004de9 | GET /api/v1/dashboard/status | 401 | 4.24ms
2026-08-26 00:43:23,309 | INFO | finance_tracker.dashboard | req=5a5112d5 | Recent transactions requested: user_id=1, limit=5
2026-08-26 00:43:23,312 | INFO | finance_tracker.dashboard | req=5a5112d5 | Recent transactions returned: user_id=1, count=0
2026-08-26 00:43:23,313 | INFO | finance_tracker.middleware | req=5a5112d5 | GET /api/v1/dashboard/recent-transactions | 200 | 9.86ms
2026-08-26 00:43:23,348 | INFO | finance_tracker.dashboard | req=af0a585f | Recent transactions requested: user_id=1, limit=10
2026-08-26 00:43:23,350 | INFO | finance_tracker.dashboard | req=af0a585f | Recent transactions returned: user_id=1, count=0
2026-08-26 00:43:23,351 | INFO | finance_tracker.middleware | req=af0a585f | GET /api/v1/dashboard/recent-transactions | 200 | 7.17ms
2026-08-26 00:43:23,384 | INFO | finance_tracker.middleware | req=3d8b33f8 | GET /api/v1/dashboard/recent-transactions | 422 | 5.58ms
2026-08-26 00:43:23,420 | INFO | finance_tracker.middleware | req=9979ca37 | GET /api/v1/dashboard/recent-transactions | 422 | 6.66ms
2026-08-26 00:43:23,458 | INFO | finance_tracker.middleware | req=861eaec8 | GET /api/v1/dashboard/recent-transactions | 422 | 5.83ms
2026-08-26 00:43:23,475 | INFO | finance_tracker.middleware | req=f79064d2 | GET /api/v1/dashboard/recent-transactions | 401 | 2.97ms
2026-08-26 00:47:14,670 | INFO | finance_tracker.Auth | req=c6fad97d | Registration attempt: register@finora.com
2026-08-26 00:47:14,692 | INFO | finance_tracker.Auth | req=c6fad97d | User registered successfully: user_id=1, email=register@finora.com
2026-08-26 00:47:14,693 | INFO | finance_tracker.middleware | req=c6fad97d | POST /api/v1/auth/register | 201 | 26.15ms
2026-08-26 00:47:14,704 | INFO | finance_tracker.Auth | req=24ee7158 | Registration attempt: duplicate@finora.com
2026-08-26 00:47:14,718 | INFO | finance_tracker.Auth | req=24ee7158 | User registered successfully: user_id=1, email=duplicate@finora.com
2026-08-26 00:47:14,719 | INFO | finance_tracker.middleware | req=24ee7158 | POST /api/v1/auth/register | 201 | 16.55ms
2026-08-26 00:47:14,723 | INFO | finance_tracker.Auth | req=9e02cb84 | Registration attempt: duplicate@finora.com
2026-08-26 00:47:14,724 | WARNING | finance_tracker.Auth | req=9e02cb84 | Registration failed: email already exists (duplicate@finora.com)
2026-08-26 00:47:14,725 | INFO | finance_tracker.middleware | req=9e02cb84 | POST /api/v1/auth/register | 400 | 3.32ms
2026-08-26 00:47:14,737 | INFO | finance_tracker.middleware | req=6b077571 | POST /api/v1/auth/register | 422 | 2.07ms
2026-08-26 00:47:14,753 | INFO | finance_tracker.middleware | req=4b3ea0f6 | POST /api/v1/auth/register | 422 | 2.36ms
2026-08-26 00:47:14,769 | INFO | finance_tracker.middleware | req=3ce331b8 | POST /api/v1/auth/register | 422 | 2.49ms
2026-08-26 00:47:14,786 | INFO | finance_tracker.Auth | req=32c4f81e | Registration attempt: login@finora.com
2026-08-26 00:47:14,800 | INFO | finance_tracker.Auth | req=32c4f81e | User registered successfully: user_id=1, email=login@finora.com
2026-08-26 00:47:14,802 | INFO | finance_tracker.middleware | req=32c4f81e | POST /api/v1/auth/register | 201 | 18.94ms
2026-08-26 00:47:14,813 | INFO | finance_tracker.Auth | req=8c76dc66 | Login attempt: login@finora.com
2026-08-26 00:47:14,826 | INFO | finance_tracker.Auth | req=8c76dc66 | Login successful: user_id=1, email=login@finora.com
2026-08-26 00:47:14,827 | INFO | finance_tracker.middleware | req=8c76dc66 | POST /api/v1/auth/login | 200 | 21.45ms
2026-08-26 00:47:14,843 | INFO | finance_tracker.Auth | req=56b56746 | Registration attempt: wrong-password@finora.com
2026-08-26 00:47:14,857 | INFO | finance_tracker.Auth | req=56b56746 | User registered successfully: user_id=1, email=wrong-password@finora.com
2026-08-26 00:47:14,859 | INFO | finance_tracker.middleware | req=56b56746 | POST /api/v1/auth/register | 201 | 17.99ms
2026-08-26 00:47:14,868 | INFO | finance_tracker.Auth | req=4bf7da61 | Login attempt: wrong-password@finora.com
2026-08-26 00:47:14,879 | WARNING | finance_tracker.Auth | req=4bf7da61 | Login failed: wrong password (user_id=1, email=wrong-password@finora.com)
2026-08-26 00:47:14,880 | INFO | finance_tracker.middleware | req=4bf7da61 | POST /api/v1/auth/login | 401 | 18.32ms
2026-08-26 00:47:14,901 | INFO | finance_tracker.Auth | req=83ef79c7 | Login attempt: does-not-exist@finora.com
2026-08-26 00:47:14,903 | WARNING | finance_tracker.Auth | req=83ef79c7 | Login failed: user not found (does-not-exist@finora.com)
2026-08-26 00:47:14,904 | INFO | finance_tracker.middleware | req=83ef79c7 | POST /api/v1/auth/login | 401 | 10.04ms
2026-08-26 00:47:14,928 | INFO | finance_tracker.middleware | req=e5068f28 | POST /api/v1/auth/login | 422 | 9.98ms
2026-08-26 00:47:14,960 | INFO | finance_tracker.Auth | req=e2e7149c | Profile accessed: user_id=1
2026-08-26 00:47:14,963 | INFO | finance_tracker.middleware | req=e2e7149c | GET /api/v1/auth/me | 200 | 8.47ms
2026-08-26 00:47:14,980 | INFO | finance_tracker.middleware | req=a9b86a25 | GET /api/v1/auth/me | 401 | 1.63ms
2026-08-26 00:47:15,003 | INFO | finance_tracker.middleware | req=2a05a3c0 | GET /api/v1/auth/me | 401 | 4.10ms
2026-08-26 00:47:15,044 | INFO | finance_tracker.budgets | req=03fcf254 | Budget create attempt: user_id=1, month=8, year=2026
2026-08-26 00:47:15,055 | INFO | finance_tracker.budgets | req=03fcf254 | Budget created: budget_id=1, user_id=1
2026-08-26 00:47:15,057 | INFO | finance_tracker.middleware | req=03fcf254 | POST /api/v1/budgets/ | 201 | 20.37ms
2026-08-26 00:47:15,074 | INFO | finance_tracker.middleware | req=1f61861d | POST /api/v1/budgets/ | 401 | 3.49ms
2026-08-26 00:47:15,110 | INFO | finance_tracker.budgets | req=45532e65 | Budget create attempt: user_id=1, month=8, year=2026
2026-08-26 00:47:15,114 | WARNING | finance_tracker.budgets | req=45532e65 | Invalid category in budget: user_id=1, category_id=1
2026-08-26 00:47:15,115 | INFO | finance_tracker.middleware | req=45532e65 | POST /api/v1/budgets/ | 404 | 10.86ms
2026-08-26 00:47:15,150 | INFO | finance_tracker.middleware | req=c1ef7c17 | POST /api/v1/budgets/ | 422 | 5.71ms
2026-08-26 00:47:15,184 | INFO | finance_tracker.middleware | req=c32ce342 | POST /api/v1/budgets/ | 422 | 7.63ms
2026-08-26 00:47:15,218 | INFO | finance_tracker.middleware | req=6d081882 | POST /api/v1/budgets/ | 422 | 6.49ms
2026-08-26 00:47:15,252 | INFO | finance_tracker.budgets | req=c7e43501 | Budget create attempt: user_id=1, month=8, year=2026
2026-08-26 00:47:15,257 | INFO | finance_tracker.budgets | req=c7e43501 | Budget created: budget_id=1, user_id=1
2026-08-26 00:47:15,258 | INFO | finance_tracker.middleware | req=c7e43501 | POST /api/v1/budgets/ | 201 | 11.87ms
2026-08-26 00:47:15,267 | INFO | finance_tracker.budgets | req=adea3eaf | Budget list requested: user_id=1, month=None, year=None
2026-08-26 00:47:15,270 | INFO | finance_tracker.budgets | req=adea3eaf | Budget list returned: user_id=1, count=1
2026-08-26 00:47:15,271 | INFO | finance_tracker.middleware | req=adea3eaf | GET /api/v1/budgets/ | 200 | 9.68ms
2026-08-26 00:47:15,308 | INFO | finance_tracker.budgets | req=65bcd0f5 | Budget create attempt: user_id=1, month=8, year=2026
2026-08-26 00:47:15,314 | INFO | finance_tracker.budgets | req=65bcd0f5 | Budget created: budget_id=1, user_id=1
2026-08-26 00:47:15,316 | INFO | finance_tracker.middleware | req=65bcd0f5 | POST /api/v1/budgets/ | 201 | 13.97ms
2026-08-26 00:47:15,325 | INFO | finance_tracker.budgets | req=b82dc1b2 | Budget create attempt: user_id=1, month=9, year=2026
2026-08-26 00:47:15,329 | INFO | finance_tracker.budgets | req=b82dc1b2 | Budget created: budget_id=2, user_id=1
2026-08-26 00:47:15,331 | INFO | finance_tracker.middleware | req=b82dc1b2 | POST /api/v1/budgets/ | 201 | 10.09ms
2026-08-26 00:47:15,339 | INFO | finance_tracker.budgets | req=5ea5449d | Budget list requested: user_id=1, month=8, year=None
2026-08-26 00:47:15,341 | INFO | finance_tracker.budgets | req=5ea5449d | Budget list returned: user_id=1, count=1
2026-08-26 00:47:15,342 | INFO | finance_tracker.middleware | req=5ea5449d | GET /api/v1/budgets/ | 200 | 8.59ms
2026-08-26 00:47:15,376 | INFO | finance_tracker.budgets | req=91f0441e | Budget create attempt: user_id=1, month=8, year=2026
2026-08-26 00:47:15,381 | INFO | finance_tracker.budgets | req=91f0441e | Budget created: budget_id=1, user_id=1
2026-08-26 00:47:15,383 | INFO | finance_tracker.middleware | req=91f0441e | POST /api/v1/budgets/ | 201 | 11.97ms
2026-08-26 00:47:15,389 | INFO | finance_tracker.budgets | req=b225453b | Budget create attempt: user_id=1, month=8, year=2027
2026-08-26 00:47:15,393 | INFO | finance_tracker.budgets | req=b225453b | Budget created: budget_id=2, user_id=1
2026-08-26 00:47:15,394 | INFO | finance_tracker.middleware | req=b225453b | POST /api/v1/budgets/ | 201 | 8.62ms
2026-08-26 00:47:15,400 | INFO | finance_tracker.budgets | req=ead9a995 | Budget list requested: user_id=1, month=None, year=2026
2026-08-26 00:47:15,402 | INFO | finance_tracker.budgets | req=ead9a995 | Budget list returned: user_id=1, count=1
2026-08-26 00:47:15,403 | INFO | finance_tracker.middleware | req=ead9a995 | GET /api/v1/budgets/ | 200 | 6.48ms
2026-08-26 00:47:15,436 | INFO | finance_tracker.budgets | req=7fb4a8dc | Budget create attempt: user_id=1, month=8, year=2026
2026-08-26 00:47:15,441 | INFO | finance_tracker.budgets | req=7fb4a8dc | Budget created: budget_id=1, user_id=1
2026-08-26 00:47:15,442 | INFO | finance_tracker.middleware | req=7fb4a8dc | POST /api/v1/budgets/ | 201 | 10.49ms
2026-08-26 00:47:15,449 | INFO | finance_tracker.budgets | req=9e3bffae | Budget create attempt: user_id=1, month=8, year=2027
2026-08-26 00:47:15,453 | INFO | finance_tracker.budgets | req=9e3bffae | Budget created: budget_id=2, user_id=1
2026-08-26 00:47:15,454 | INFO | finance_tracker.middleware | req=9e3bffae | POST /api/v1/budgets/ | 201 | 8.78ms
2026-08-26 00:47:15,460 | INFO | finance_tracker.budgets | req=d584bb79 | Budget create attempt: user_id=1, month=9, year=2026
2026-08-26 00:47:15,464 | INFO | finance_tracker.budgets | req=d584bb79 | Budget created: budget_id=3, user_id=1
2026-08-26 00:47:15,465 | INFO | finance_tracker.middleware | req=d584bb79 | POST /api/v1/budgets/ | 201 | 8.68ms
2026-08-26 00:47:15,470 | INFO | finance_tracker.budgets | req=1ae2e2bf | Budget list requested: user_id=1, month=8, year=2026
2026-08-26 00:47:15,473 | INFO | finance_tracker.budgets | req=1ae2e2bf | Budget list returned: user_id=1, count=1
2026-08-26 00:47:15,474 | INFO | finance_tracker.middleware | req=1ae2e2bf | GET /api/v1/budgets/ | 200 | 6.79ms
2026-08-26 00:47:15,489 | INFO | finance_tracker.middleware | req=5d42dccb | GET /api/v1/budgets/ | 401 | 2.37ms
2026-08-26 00:47:15,519 | INFO | finance_tracker.budgets | req=31248773 | Current month budgets requested: user_id=1
2026-08-26 00:47:15,522 | INFO | finance_tracker.budgets | req=31248773 | Current month budgets returned: user_id=1, count=0
2026-08-26 00:47:15,523 | INFO | finance_tracker.middleware | req=31248773 | GET /api/v1/budgets/current-month | 200 | 9.85ms
2026-08-26 00:47:15,540 | INFO | finance_tracker.middleware | req=04c0dcac | GET /api/v1/budgets/current-month | 401 | 2.53ms
2026-08-26 00:47:15,575 | INFO | finance_tracker.budgets | req=290c0231 | Budget create attempt: user_id=1, month=8, year=2026
2026-08-26 00:47:15,579 | INFO | finance_tracker.budgets | req=290c0231 | Budget created: budget_id=1, user_id=1
2026-08-26 00:47:15,581 | INFO | finance_tracker.middleware | req=290c0231 | POST /api/v1/budgets/ | 201 | 10.58ms
2026-08-26 00:47:15,589 | INFO | finance_tracker.budgets | req=d2a1ef4b | Budget fetched: budget_id=1, user_id=1
2026-08-26 00:47:15,590 | INFO | finance_tracker.middleware | req=d2a1ef4b | GET /api/v1/budgets/1 | 200 | 6.82ms
2026-08-26 00:47:15,621 | WARNING | finance_tracker.budgets | req=fcce19dd | Budget not found: budget_id=999999, user_id=1
2026-08-26 00:47:15,622 | INFO | finance_tracker.middleware | req=fcce19dd | GET /api/v1/budgets/999999 | 404 | 6.53ms
2026-08-26 00:47:15,652 | INFO | finance_tracker.budgets | req=fe4a0dc4 | Budget create attempt: user_id=1, month=8, year=2026
2026-08-26 00:47:15,655 | INFO | finance_tracker.budgets | req=fe4a0dc4 | Budget created: budget_id=1, user_id=1
2026-08-26 00:47:15,656 | INFO | finance_tracker.middleware | req=fe4a0dc4 | POST /api/v1/budgets/ | 201 | 10.06ms
2026-08-26 00:47:15,661 | INFO | finance_tracker.middleware | req=aba49b3d | GET /api/v1/budgets/1 | 401 | 2.05ms
2026-08-26 00:47:15,694 | INFO | finance_tracker.budgets | req=15eb90c2 | Budget create attempt: user_id=1, month=8, year=2026
2026-08-26 00:47:15,698 | INFO | finance_tracker.budgets | req=15eb90c2 | Budget created: budget_id=1, user_id=1
2026-08-26 00:47:15,700 | INFO | finance_tracker.middleware | req=15eb90c2 | POST /api/v1/budgets/ | 201 | 12.41ms
2026-08-26 00:47:15,708 | INFO | finance_tracker.budgets | req=4a2b4d04 | Budget fetched: budget_id=1, user_id=1
2026-08-26 00:47:15,714 | INFO | finance_tracker.middleware | req=4a2b4d04 | GET /api/v1/budgets/status/1 | 200 | 11.79ms
2026-08-26 00:47:15,745 | WARNING | finance_tracker.budgets | req=607f853d | Budget not found: budget_id=999999, user_id=1
2026-08-26 00:47:15,747 | INFO | finance_tracker.middleware | req=607f853d | GET /api/v1/budgets/status/999999 | 404 | 7.01ms
2026-08-26 00:47:15,783 | INFO | finance_tracker.budgets | req=28ccaac4 | Budget create attempt: user_id=1, month=8, year=2026
2026-08-26 00:47:15,787 | INFO | finance_tracker.budgets | req=28ccaac4 | Budget created: budget_id=1, user_id=1
2026-08-26 00:47:15,789 | INFO | finance_tracker.middleware | req=28ccaac4 | POST /api/v1/budgets/ | 201 | 11.41ms
2026-08-26 00:47:15,797 | INFO | finance_tracker.budgets | req=5b9f1e02 | Budget update attempt: budget_id=1, user_id=1
2026-08-26 00:47:15,798 | INFO | finance_tracker.budgets | req=5b9f1e02 | Budget fetched: budget_id=1, user_id=1
2026-08-26 00:47:15,804 | INFO | finance_tracker.budgets | req=5b9f1e02 | Budget updated: budget_id=1, user_id=1
2026-08-26 00:47:15,805 | INFO | finance_tracker.middleware | req=5b9f1e02 | PUT /api/v1/budgets/1 | 200 | 13.88ms
2026-08-26 00:47:15,844 | INFO | finance_tracker.budgets | req=ae86b101 | Budget create attempt: user_id=1, month=8, year=2026
2026-08-26 00:47:15,848 | INFO | finance_tracker.budgets | req=ae86b101 | Budget created: budget_id=1, user_id=1
2026-08-26 00:47:15,850 | INFO | finance_tracker.middleware | req=ae86b101 | POST /api/v1/budgets/ | 201 | 10.97ms
2026-08-26 00:47:15,859 | INFO | finance_tracker.budgets | req=7f4a22ef | Budget update attempt: budget_id=1, user_id=1
2026-08-26 00:47:15,861 | INFO | finance_tracker.budgets | req=7f4a22ef | Budget fetched: budget_id=1, user_id=1
2026-08-26 00:47:15,868 | INFO | finance_tracker.budgets | req=7f4a22ef | Budget updated: budget_id=1, user_id=1
2026-08-26 00:47:15,869 | INFO | finance_tracker.middleware | req=7f4a22ef | PUT /api/v1/budgets/1 | 200 | 16.72ms
2026-08-26 00:47:15,903 | INFO | finance_tracker.budgets | req=055088ec | Budget create attempt: user_id=1, month=8, year=2026
2026-08-26 00:47:15,907 | INFO | finance_tracker.budgets | req=055088ec | Budget created: budget_id=1, user_id=1
2026-08-26 00:47:15,909 | INFO | finance_tracker.middleware | req=055088ec | POST /api/v1/budgets/ | 201 | 10.25ms
2026-08-26 00:47:15,917 | INFO | finance_tracker.middleware | req=1868b978 | PUT /api/v1/budgets/1 | 422 | 5.91ms
2026-08-26 00:47:15,951 | INFO | finance_tracker.budgets | req=c7701e0f | Budget update attempt: budget_id=999999, user_id=1
2026-08-26 00:47:15,952 | WARNING | finance_tracker.budgets | req=c7701e0f | Budget not found: budget_id=999999, user_id=1
2026-08-26 00:47:15,953 | INFO | finance_tracker.middleware | req=c7701e0f | PUT /api/v1/budgets/999999 | 404 | 7.59ms
2026-08-26 00:47:15,987 | INFO | finance_tracker.budgets | req=272f2fae | Budget create attempt: user_id=1, month=8, year=2026
2026-08-26 00:47:15,991 | INFO | finance_tracker.budgets | req=272f2fae | Budget created: budget_id=1, user_id=1
2026-08-26 00:47:15,992 | INFO | finance_tracker.middleware | req=272f2fae | POST /api/v1/budgets/ | 201 | 10.95ms
2026-08-26 00:47:15,999 | WARNING | finance_tracker.budgets | req=a098309d | Budget delete attempt: budget_id=1, user_id=1
2026-08-26 00:47:16,001 | INFO | finance_tracker.budgets | req=a098309d | Budget fetched: budget_id=1, user_id=1
2026-08-26 00:47:16,005 | WARNING | finance_tracker.budgets | req=a098309d | Budget deleted: budget_id=1, user_id=1
2026-08-26 00:47:16,005 | INFO | finance_tracker.middleware | req=a098309d | DELETE /api/v1/budgets/1 | 200 | 10.26ms
2026-08-26 00:47:16,013 | WARNING | finance_tracker.budgets | req=ca0235c4 | Budget not found: budget_id=1, user_id=1
2026-08-26 00:47:16,014 | INFO | finance_tracker.middleware | req=ca0235c4 | GET /api/v1/budgets/1 | 404 | 5.94ms
2026-08-26 00:47:16,049 | WARNING | finance_tracker.budgets | req=580277ea | Budget delete attempt: budget_id=999999, user_id=1
2026-08-26 00:47:16,051 | WARNING | finance_tracker.budgets | req=580277ea | Budget not found: budget_id=999999, user_id=1
2026-08-26 00:47:16,052 | INFO | finance_tracker.middleware | req=580277ea | DELETE /api/v1/budgets/999999 | 404 | 10.10ms
2026-08-26 00:47:16,069 | INFO | finance_tracker.middleware | req=452ca4af | DELETE /api/v1/budgets/999999 | 401 | 2.93ms
2026-08-26 00:47:16,101 | INFO | finance_tracker.categories | req=80646136 | Category create attempt: user_id=1, name=Salary, type=TransactionType.INCOME
2026-08-26 00:47:16,108 | INFO | finance_tracker.categories | req=80646136 | Category created: category_id=1, user_id=1
2026-08-26 00:47:16,109 | INFO | finance_tracker.middleware | req=80646136 | POST /api/v1/categories/ | 201 | 13.58ms
2026-08-26 00:47:16,143 | INFO | finance_tracker.categories | req=d521adc1 | Category create attempt: user_id=1, name=Food, type=TransactionType.EXPENSE
2026-08-26 00:47:16,148 | INFO | finance_tracker.categories | req=d521adc1 | Category created: category_id=1, user_id=1
2026-08-26 00:47:16,149 | INFO | finance_tracker.middleware | req=d521adc1 | POST /api/v1/categories/ | 201 | 11.06ms
2026-08-26 00:47:16,166 | INFO | finance_tracker.middleware | req=899bd648 | POST /api/v1/categories/ | 401 | 3.18ms
2026-08-26 00:47:16,205 | INFO | finance_tracker.middleware | req=7ea926e9 | POST /api/v1/categories/ | 422 | 8.30ms
2026-08-26 00:47:16,236 | INFO | finance_tracker.middleware | req=cc1a91de | POST /api/v1/categories/ | 422 | 5.44ms
2026-08-26 00:47:16,274 | INFO | finance_tracker.middleware | req=c1eb9346 | POST /api/v1/categories/ | 422 | 6.11ms
2026-08-26 00:47:16,314 | INFO | finance_tracker.middleware | req=68c9dc57 | POST /api/v1/categories/ | 422 | 7.17ms
2026-08-26 00:47:16,357 | INFO | finance_tracker.categories | req=374d9a22 | Category create attempt: user_id=1, name=Food, type=TransactionType.EXPENSE
2026-08-26 00:47:16,362 | INFO | finance_tracker.categories | req=374d9a22 | Category created: category_id=1, user_id=1
2026-08-26 00:47:16,364 | INFO | finance_tracker.middleware | req=374d9a22 | POST /api/v1/categories/ | 201 | 12.93ms
2026-08-26 00:47:16,371 | INFO | finance_tracker.categories | req=b814ffff | Category list requested: user_id=1, type=None
2026-08-26 00:47:16,373 | INFO | finance_tracker.categories | req=b814ffff | Category list returned: user_id=1, count=1
2026-08-26 00:47:16,375 | INFO | finance_tracker.middleware | req=b814ffff | GET /api/v1/categories/ | 200 | 7.60ms
2026-08-26 00:47:16,392 | INFO | finance_tracker.middleware | req=51352673 | GET /api/v1/categories/ | 401 | 2.77ms
2026-08-26 00:47:16,424 | INFO | finance_tracker.categories | req=3413ebda | Category create attempt: user_id=1, name=Salary, type=TransactionType.INCOME
2026-08-26 00:47:16,429 | INFO | finance_tracker.categories | req=3413ebda | Category created: category_id=1, user_id=1
2026-08-26 00:47:16,431 | INFO | finance_tracker.middleware | req=3413ebda | POST /api/v1/categories/ | 201 | 11.59ms
2026-08-26 00:47:16,440 | INFO | finance_tracker.categories | req=43d29d38 | Category create attempt: user_id=1, name=Food, type=TransactionType.EXPENSE
2026-08-26 00:47:16,444 | INFO | finance_tracker.categories | req=43d29d38 | Category created: category_id=2, user_id=1
2026-08-26 00:47:16,445 | INFO | finance_tracker.middleware | req=43d29d38 | POST /api/v1/categories/ | 201 | 10.99ms
2026-08-26 00:47:16,452 | INFO | finance_tracker.categories | req=7f76bdb6 | Category list requested: user_id=1, type=TransactionType.INCOME
2026-08-26 00:47:16,454 | INFO | finance_tracker.categories | req=7f76bdb6 | Category list returned: user_id=1, count=1
2026-08-26 00:47:16,455 | INFO | finance_tracker.middleware | req=7f76bdb6 | GET /api/v1/categories/ | 200 | 6.63ms
2026-08-26 00:47:16,486 | INFO | finance_tracker.categories | req=fb3ea6b3 | Category create attempt: user_id=1, name=Salary, type=TransactionType.INCOME
2026-08-26 00:47:16,490 | INFO | finance_tracker.categories | req=fb3ea6b3 | Category created: category_id=1, user_id=1
2026-08-26 00:47:16,491 | INFO | finance_tracker.middleware | req=fb3ea6b3 | POST /api/v1/categories/ | 201 | 8.88ms
2026-08-26 00:47:16,497 | INFO | finance_tracker.categories | req=55cba3ee | Category create attempt: user_id=1, name=Food, type=TransactionType.EXPENSE
2026-08-26 00:47:16,500 | INFO | finance_tracker.categories | req=55cba3ee | Category created: category_id=2, user_id=1
2026-08-26 00:47:16,501 | INFO | finance_tracker.middleware | req=55cba3ee | POST /api/v1/categories/ | 201 | 7.37ms
2026-08-26 00:47:16,506 | INFO | finance_tracker.categories | req=c22984e0 | Category list requested: user_id=1, type=TransactionType.EXPENSE
2026-08-26 00:47:16,507 | INFO | finance_tracker.categories | req=c22984e0 | Category list returned: user_id=1, count=1
2026-08-26 00:47:16,508 | INFO | finance_tracker.middleware | req=c22984e0 | GET /api/v1/categories/ | 200 | 4.66ms
2026-08-26 00:47:16,537 | INFO | finance_tracker.categories | req=1c029731 | Category create attempt: user_id=1, name=Food, type=TransactionType.EXPENSE
2026-08-26 00:47:16,542 | INFO | finance_tracker.categories | req=1c029731 | Category created: category_id=1, user_id=1
2026-08-26 00:47:16,543 | INFO | finance_tracker.middleware | req=1c029731 | POST /api/v1/categories/ | 201 | 11.09ms
2026-08-26 00:47:16,550 | INFO | finance_tracker.categories | req=70066d46 | Category fetched: category_id=1, user_id=1
2026-08-26 00:47:16,551 | INFO | finance_tracker.middleware | req=70066d46 | GET /api/v1/categories/1 | 200 | 5.89ms
2026-08-26 00:47:16,586 | INFO | finance_tracker.categories | req=fd345483 | Category create attempt: user_id=1, name=Food, type=TransactionType.EXPENSE
2026-08-26 00:47:16,590 | INFO | finance_tracker.categories | req=fd345483 | Category created: category_id=1, user_id=1
2026-08-26 00:47:16,592 | INFO | finance_tracker.middleware | req=fd345483 | POST /api/v1/categories/ | 201 | 11.22ms
2026-08-26 00:47:16,597 | INFO | finance_tracker.middleware | req=99554641 | GET /api/v1/categories/1 | 401 | 2.27ms
2026-08-26 00:47:16,628 | WARNING | finance_tracker.categories | req=eb3daa80 | Category not found: category_id=999999, user_id=1
2026-08-26 00:47:16,630 | INFO | finance_tracker.middleware | req=eb3daa80 | GET /api/v1/categories/999999 | 404 | 7.40ms
2026-08-26 00:47:16,665 | INFO | finance_tracker.categories | req=7659ed10 | Category create attempt: user_id=1, name=Old Name, type=TransactionType.EXPENSE
2026-08-26 00:47:16,669 | INFO | finance_tracker.categories | req=7659ed10 | Category created: category_id=1, user_id=1
2026-08-26 00:47:16,671 | INFO | finance_tracker.middleware | req=7659ed10 | POST /api/v1/categories/ | 201 | 11.13ms
2026-08-26 00:47:16,677 | INFO | finance_tracker.categories | req=ae8bd7d8 | Category update attempt: category_id=1, user_id=1
2026-08-26 00:47:16,678 | INFO | finance_tracker.categories | req=ae8bd7d8 | Category fetched: category_id=1, user_id=1
2026-08-26 00:47:16,683 | INFO | finance_tracker.categories | req=ae8bd7d8 | Category updated: category_id=1, user_id=1
2026-08-26 00:47:16,684 | INFO | finance_tracker.middleware | req=ae8bd7d8 | PUT /api/v1/categories/1 | 200 | 10.49ms
2026-08-26 00:47:16,714 | INFO | finance_tracker.categories | req=3f7808db | Category create attempt: user_id=1, name=Adjustable Category, type=TransactionType.EXPENSE
2026-08-26 00:47:16,718 | INFO | finance_tracker.categories | req=3f7808db | Category created: category_id=1, user_id=1
2026-08-26 00:47:16,719 | INFO | finance_tracker.middleware | req=3f7808db | POST /api/v1/categories/ | 201 | 9.74ms
2026-08-26 00:47:16,727 | INFO | finance_tracker.categories | req=8ca0c9c8 | Category update attempt: category_id=1, user_id=1
2026-08-26 00:47:16,728 | INFO | finance_tracker.categories | req=8ca0c9c8 | Category fetched: category_id=1, user_id=1
2026-08-26 00:47:16,733 | INFO | finance_tracker.categories | req=8ca0c9c8 | Category updated: category_id=1, user_id=1
2026-08-26 00:47:16,734 | INFO | finance_tracker.middleware | req=8ca0c9c8 | PUT /api/v1/categories/1 | 200 | 12.09ms
2026-08-26 00:47:16,767 | INFO | finance_tracker.categories | req=b6ebe302 | Category create attempt: user_id=1, name=Food, type=TransactionType.EXPENSE
2026-08-26 00:47:16,771 | INFO | finance_tracker.categories | req=b6ebe302 | Category created: category_id=1, user_id=1
2026-08-26 00:47:16,772 | INFO | finance_tracker.middleware | req=b6ebe302 | POST /api/v1/categories/ | 201 | 8.50ms
2026-08-26 00:47:16,778 | INFO | finance_tracker.middleware | req=9a2e00ad | PUT /api/v1/categories/1 | 422 | 3.82ms
2026-08-26 00:47:16,807 | INFO | finance_tracker.categories | req=2dc6d7a4 | Category update attempt: category_id=999999, user_id=1
2026-08-26 00:47:16,808 | WARNING | finance_tracker.categories | req=2dc6d7a4 | Category not found: category_id=999999, user_id=1
2026-08-26 00:47:16,809 | INFO | finance_tracker.middleware | req=2dc6d7a4 | PUT /api/v1/categories/999999 | 404 | 6.85ms
2026-08-26 00:47:16,841 | INFO | finance_tracker.categories | req=3cc1a2dc | Category create attempt: user_id=1, name=Food, type=TransactionType.EXPENSE
2026-08-26 00:47:16,845 | INFO | finance_tracker.categories | req=3cc1a2dc | Category created: category_id=1, user_id=1
2026-08-26 00:47:16,846 | INFO | finance_tracker.middleware | req=3cc1a2dc | POST /api/v1/categories/ | 201 | 10.42ms
2026-08-26 00:47:16,853 | WARNING | finance_tracker.categories | req=5aa67923 | Category delete attempt: category_id=1, user_id=1
2026-08-26 00:47:16,854 | INFO | finance_tracker.categories | req=5aa67923 | Category fetched: category_id=1, user_id=1
2026-08-26 00:47:16,864 | WARNING | finance_tracker.categories | req=5aa67923 | Category deleted: category_id=1, user_id=1
2026-08-26 00:47:16,865 | INFO | finance_tracker.middleware | req=5aa67923 | DELETE /api/v1/categories/1 | 200 | 16.16ms
2026-08-26 00:47:16,871 | WARNING | finance_tracker.categories | req=4028fd7c | Category not found: category_id=1, user_id=1
2026-08-26 00:47:16,872 | INFO | finance_tracker.middleware | req=4028fd7c | GET /api/v1/categories/1 | 404 | 5.28ms
2026-08-26 00:47:16,902 | WARNING | finance_tracker.categories | req=a1c51517 | Category delete attempt: category_id=999999, user_id=1
2026-08-26 00:47:16,903 | WARNING | finance_tracker.categories | req=a1c51517 | Category not found: category_id=999999, user_id=1
2026-08-26 00:47:16,905 | INFO | finance_tracker.middleware | req=a1c51517 | DELETE /api/v1/categories/999999 | 404 | 6.38ms
2026-08-26 00:47:16,922 | INFO | finance_tracker.middleware | req=fc1b7730 | DELETE /api/v1/categories/999999 | 401 | 2.64ms
2026-08-26 00:47:16,953 | INFO | finance_tracker.dashboard | req=fa0f3225 | Dashboard summary requested: user_id=1
2026-08-26 00:47:16,963 | INFO | finance_tracker.dashboard | req=fa0f3225 | Dashboard summary generated: user_id=1
2026-08-26 00:47:16,964 | INFO | finance_tracker.middleware | req=fa0f3225 | GET /api/v1/dashboard/summary | 200 | 15.21ms
2026-08-26 00:47:17,060 | INFO | finance_tracker.dashboard | req=5a396646 | Dashboard summary requested: user_id=1
2026-08-26 00:47:17,063 | INFO | finance_tracker.dashboard | req=5a396646 | Dashboard summary generated: user_id=1
2026-08-26 00:47:17,063 | INFO | finance_tracker.middleware | req=5a396646 | GET /api/v1/dashboard/summary | 200 | 70.70ms
2026-08-26 00:47:17,096 | INFO | finance_tracker.middleware | req=2d940cf6 | GET /api/v1/dashboard/summary | 422 | 5.29ms
2026-08-26 00:47:17,131 | INFO | finance_tracker.middleware | req=e4e78d9d | GET /api/v1/dashboard/summary | 422 | 5.10ms
2026-08-26 00:47:17,146 | INFO | finance_tracker.middleware | req=38ec3d1f | GET /api/v1/dashboard/summary | 401 | 3.10ms
2026-08-26 00:47:17,180 | INFO | finance_tracker.dashboard | req=cf4f7e9f | Monthly trend requested: user_id=1
2026-08-26 00:47:17,184 | INFO | finance_tracker.dashboard | req=cf4f7e9f | Monthly trend generated: user_id=1
2026-08-26 00:47:17,185 | INFO | finance_tracker.middleware | req=cf4f7e9f | GET /api/v1/dashboard/monthly-trend | 200 | 9.89ms
2026-08-26 00:47:17,219 | INFO | finance_tracker.dashboard | req=4ee4a894 | Monthly trend requested: user_id=1
2026-08-26 00:47:17,221 | INFO | finance_tracker.dashboard | req=4ee4a894 | Monthly trend generated: user_id=1
2026-08-26 00:47:17,222 | INFO | finance_tracker.middleware | req=4ee4a894 | GET /api/v1/dashboard/monthly-trend | 200 | 8.29ms
2026-08-26 00:47:17,254 | INFO | finance_tracker.middleware | req=fa8ef336 | GET /api/v1/dashboard/monthly-trend | 422 | 4.83ms
2026-08-26 00:47:17,270 | INFO | finance_tracker.middleware | req=222d1246 | GET /api/v1/dashboard/monthly-trend | 401 | 2.82ms
2026-08-26 00:47:17,307 | INFO | finance_tracker.dashboard | req=c261df2c | Category breakdown requested: user_id=1
2026-08-26 00:47:17,310 | INFO | finance_tracker.dashboard | req=c261df2c | Category breakdown generated: user_id=1
2026-08-26 00:47:17,311 | INFO | finance_tracker.middleware | req=c261df2c | GET /api/v1/dashboard/category-breakdown | 200 | 9.26ms
2026-08-26 00:47:17,344 | INFO | finance_tracker.dashboard | req=a29a9496 | Category breakdown requested: user_id=1
2026-08-26 00:47:17,347 | INFO | finance_tracker.dashboard | req=a29a9496 | Category breakdown generated: user_id=1
2026-08-26 00:47:17,348 | INFO | finance_tracker.middleware | req=a29a9496 | GET /api/v1/dashboard/category-breakdown | 200 | 7.83ms
2026-08-26 00:47:17,384 | INFO | finance_tracker.middleware | req=975e70e5 | GET /api/v1/dashboard/category-breakdown | 422 | 6.47ms
2026-08-26 00:47:17,417 | INFO | finance_tracker.middleware | req=3dd1bf61 | GET /api/v1/dashboard/category-breakdown | 422 | 7.01ms
2026-08-26 00:47:17,433 | INFO | finance_tracker.middleware | req=f5ed2184 | GET /api/v1/dashboard/category-breakdown | 401 | 3.16ms
2026-08-26 00:47:17,472 | INFO | finance_tracker.middleware | req=93df80a1 | GET /api/v1/dashboard/status | 200 | 6.78ms
2026-08-26 00:47:17,504 | INFO | finance_tracker.middleware | req=73226712 | GET /api/v1/dashboard/status | 422 | 4.85ms
2026-08-26 00:47:17,539 | INFO | finance_tracker.middleware | req=ab8f2594 | GET /api/v1/dashboard/status | 422 | 4.96ms
2026-08-26 00:47:17,575 | INFO | finance_tracker.middleware | req=c386d3d4 | GET /api/v1/dashboard/status | 422 | 5.21ms
2026-08-26 00:47:17,610 | INFO | finance_tracker.middleware | req=709262b1 | GET /api/v1/dashboard/status | 422 | 5.06ms
2026-08-26 00:47:17,630 | INFO | finance_tracker.middleware | req=a4ea8861 | GET /api/v1/dashboard/status | 401 | 4.71ms
2026-08-26 00:47:17,666 | INFO | finance_tracker.dashboard | req=0549781f | Recent transactions requested: user_id=1, limit=5
2026-08-26 00:47:17,669 | INFO | finance_tracker.dashboard | req=0549781f | Recent transactions returned: user_id=1, count=0
2026-08-26 00:47:17,670 | INFO | finance_tracker.middleware | req=0549781f | GET /api/v1/dashboard/recent-transactions | 200 | 9.27ms
2026-08-26 00:47:17,702 | INFO | finance_tracker.dashboard | req=c4768e98 | Recent transactions requested: user_id=1, limit=10
2026-08-26 00:47:17,704 | INFO | finance_tracker.dashboard | req=c4768e98 | Recent transactions returned: user_id=1, count=0
2026-08-26 00:47:17,704 | INFO | finance_tracker.middleware | req=c4768e98 | GET /api/v1/dashboard/recent-transactions | 200 | 6.64ms
2026-08-26 00:47:17,738 | INFO | finance_tracker.middleware | req=f962c3ef | GET /api/v1/dashboard/recent-transactions | 422 | 5.06ms
2026-08-26 00:47:17,768 | INFO | finance_tracker.middleware | req=feac1277 | GET /api/v1/dashboard/recent-transactions | 422 | 5.87ms
2026-08-26 00:47:17,801 | INFO | finance_tracker.middleware | req=82fbd62e | GET /api/v1/dashboard/recent-transactions | 422 | 5.82ms
2026-08-26 00:47:17,818 | INFO | finance_tracker.middleware | req=c0513115 | GET /api/v1/dashboard/recent-transactions | 401 | 3.01ms
2026-08-26 00:47:17,857 | INFO | finance_tracker.transactions | req=dd3da78e | Transaction create attempt: user_id=1, amount=50000.0, type=TransactionType.INCOME
2026-08-26 00:47:17,864 | INFO | finance_tracker.transactions | req=dd3da78e | Transaction created: txn_id=1, user_id=1
2026-08-26 00:47:17,865 | INFO | finance_tracker.middleware | req=dd3da78e | POST /api/v1/transactions | 201 | 15.63ms
2026-08-26 00:47:17,872 | INFO | finance_tracker.transactions | req=48d77b71 | Transaction create attempt: user_id=1, amount=5000.0, type=TransactionType.EXPENSE
2026-08-26 00:47:17,875 | INFO | finance_tracker.transactions | req=48d77b71 | Transaction created: txn_id=2, user_id=1
2026-08-26 00:47:17,877 | INFO | finance_tracker.middleware | req=48d77b71 | POST /api/v1/transactions | 201 | 8.43ms
2026-08-26 00:47:17,889 | INFO | finance_tracker.middleware | req=5eeb49b0 | GET /api/v1/reports/cash-flow | 200 | 9.91ms
2026-08-26 00:47:17,907 | INFO | finance_tracker.middleware | req=f7def47f | GET /api/v1/reports/cash-flow | 401 | 2.62ms
2026-08-26 00:47:17,938 | INFO | finance_tracker.middleware | req=e3ef6d6c | GET /api/v1/reports/cash-flow | 422 | 5.60ms
2026-08-26 00:47:17,970 | INFO | finance_tracker.middleware | req=4df7e83b | GET /api/v1/reports/cash-flow | 422 | 5.05ms
2026-08-26 00:47:18,003 | INFO | finance_tracker.middleware | req=eaa42e72 | GET /api/v1/reports/cash-flow | 422 | 5.25ms
2026-08-26 00:47:18,033 | INFO | finance_tracker.transactions | req=d54990a5 | Transaction create attempt: user_id=1, amount=5000.0, type=TransactionType.EXPENSE
2026-08-26 00:47:18,037 | INFO | finance_tracker.transactions | req=d54990a5 | Transaction created: txn_id=1, user_id=1
2026-08-26 00:47:18,038 | INFO | finance_tracker.middleware | req=d54990a5 | POST /api/v1/transactions | 201 | 10.53ms
2026-08-26 00:47:18,049 | INFO | finance_tracker.middleware | req=d6e577e3 | GET /api/v1/reports/category-analysis | 200 | 8.60ms
2026-08-26 00:47:18,068 | INFO | finance_tracker.middleware | req=64ddb50a | GET /api/v1/reports/category-analysis | 401 | 3.16ms
2026-08-26 00:47:18,109 | INFO | finance_tracker.middleware | req=d4988972 | GET /api/v1/reports/category-analysis | 422 | 6.66ms
2026-08-26 00:47:18,150 | INFO | finance_tracker.middleware | req=19220ff5 | GET /api/v1/reports/category-analysis | 422 | 6.64ms
2026-08-26 00:47:18,187 | INFO | finance_tracker.middleware | req=8c41341c | GET /api/v1/reports/category-analysis | 422 | 5.46ms
2026-08-26 00:47:18,219 | INFO | finance_tracker.middleware | req=0a4c1423 | GET /api/v1/reports/category-analysis | 422 | 5.17ms
2026-08-26 00:47:18,251 | INFO | finance_tracker.transactions | req=a3a6f296 | Transaction create attempt: user_id=1, amount=50000.0, type=TransactionType.INCOME
2026-08-26 00:47:18,254 | INFO | finance_tracker.transactions | req=a3a6f296 | Transaction created: txn_id=1, user_id=1
2026-08-26 00:47:18,255 | INFO | finance_tracker.middleware | req=a3a6f296 | POST /api/v1/transactions | 201 | 9.35ms
2026-08-26 00:47:18,262 | INFO | finance_tracker.transactions | req=35480df1 | Transaction create attempt: user_id=1, amount=5000.0, type=TransactionType.EXPENSE
2026-08-26 00:47:18,265 | INFO | finance_tracker.transactions | req=35480df1 | Transaction created: txn_id=2, user_id=1
2026-08-26 00:47:18,266 | INFO | finance_tracker.middleware | req=35480df1 | POST /api/v1/transactions | 201 | 8.76ms
2026-08-26 00:47:18,273 | INFO | finance_tracker.middleware | req=3b4d1d2c | GET /api/v1/reports/income-vs-expense | 200 | 4.66ms
2026-08-26 00:47:18,287 | INFO | finance_tracker.middleware | req=a445f778 | GET /api/v1/reports/income-vs-expense | 401 | 2.91ms
2026-08-26 00:47:18,318 | INFO | finance_tracker.middleware | req=161f29d8 | GET /api/v1/reports/income-vs-expense | 422 | 5.68ms
2026-08-26 00:47:18,353 | INFO | finance_tracker.middleware | req=55347ef1 | GET /api/v1/reports/income-vs-expense | 422 | 4.78ms
2026-08-26 00:47:18,387 | INFO | finance_tracker.budgets | req=76070dc3 | Budget create attempt: user_id=1, month=8, year=2026
2026-08-26 00:47:18,390 | INFO | finance_tracker.budgets | req=76070dc3 | Budget created: budget_id=1, user_id=1
2026-08-26 00:47:18,392 | INFO | finance_tracker.middleware | req=76070dc3 | POST /api/v1/budgets/ | 201 | 10.18ms
2026-08-26 00:47:18,399 | INFO | finance_tracker.transactions | req=3ecee59e | Transaction create attempt: user_id=1, amount=5000.0, type=TransactionType.EXPENSE
2026-08-26 00:47:18,402 | INFO | finance_tracker.transactions | req=3ecee59e | Transaction created: txn_id=1, user_id=1
2026-08-26 00:47:18,403 | INFO | finance_tracker.middleware | req=3ecee59e | POST /api/v1/transactions | 201 | 8.85ms
2026-08-26 00:47:18,411 | INFO | finance_tracker.middleware | req=14801230 | GET /api/v1/reports/budget-performance | 200 | 5.58ms
2026-08-26 00:47:18,427 | INFO | finance_tracker.middleware | req=ce93ac75 | GET /api/v1/reports/budget-performance | 401 | 2.81ms
2026-08-26 00:47:18,462 | INFO | finance_tracker.middleware | req=74629f70 | GET /api/v1/reports/budget-performance | 422 | 5.99ms
2026-08-26 00:47:18,494 | INFO | finance_tracker.middleware | req=ad699c9a | GET /api/v1/reports/budget-performance | 422 | 5.17ms
2026-08-26 00:47:18,530 | INFO | finance_tracker.middleware | req=af69f69e | GET /api/v1/reports/budget-performance | 422 | 5.87ms
2026-08-26 00:47:18,567 | INFO | finance_tracker.middleware | req=f673bfa1 | GET /api/v1/reports/budget-performance | 422 | 6.16ms
2026-08-26 00:47:18,597 | INFO | finance_tracker.transactions | req=1c76d352 | Transaction create attempt: user_id=1, amount=500.0, type=TransactionType.EXPENSE
2026-08-26 00:47:18,601 | INFO | finance_tracker.transactions | req=1c76d352 | Transaction created: txn_id=1, user_id=1
2026-08-26 00:47:18,602 | INFO | finance_tracker.middleware | req=1c76d352 | POST /api/v1/transactions | 201 | 9.66ms
2026-08-26 00:47:18,643 | INFO | finance_tracker.transactions | req=76ebedb8 | Transaction create attempt: user_id=1, amount=50000.0, type=TransactionType.INCOME
2026-08-26 00:47:18,648 | INFO | finance_tracker.transactions | req=76ebedb8 | Transaction created: txn_id=1, user_id=1
2026-08-26 00:47:18,650 | INFO | finance_tracker.middleware | req=76ebedb8 | POST /api/v1/transactions | 201 | 12.48ms
2026-08-26 00:47:18,677 | INFO | finance_tracker.middleware | req=cb70a63f | POST /api/v1/transactions | 401 | 6.44ms
2026-08-26 00:47:18,724 | INFO | finance_tracker.middleware | req=c44a9766 | POST /api/v1/transactions | 422 | 9.24ms
2026-08-26 00:47:18,771 | INFO | finance_tracker.middleware | req=a6a6b79d | POST /api/v1/transactions | 422 | 9.82ms
2026-08-26 00:47:18,807 | INFO | finance_tracker.middleware | req=31d1d658 | POST /api/v1/transactions | 422 | 5.16ms
2026-08-26 00:47:18,839 | INFO | finance_tracker.middleware | req=dba62f98 | POST /api/v1/transactions | 422 | 4.66ms
2026-08-26 00:47:18,872 | INFO | finance_tracker.middleware | req=e6630421 | POST /api/v1/transactions | 422 | 6.26ms
2026-08-26 00:47:18,901 | INFO | finance_tracker.middleware | req=fec15eef | POST /api/v1/transactions | 422 | 5.10ms
2026-08-26 00:47:18,930 | INFO | finance_tracker.middleware | req=b6701587 | POST /api/v1/transactions | 422 | 5.19ms
2026-08-26 00:47:18,961 | INFO | finance_tracker.transactions | req=e2bc299e | Transaction create attempt: user_id=1, amount=500.0, type=TransactionType.EXPENSE
2026-08-26 00:47:18,964 | INFO | finance_tracker.transactions | req=e2bc299e | Transaction created: txn_id=1, user_id=1
2026-08-26 00:47:18,966 | INFO | finance_tracker.middleware | req=e2bc299e | POST /api/v1/transactions | 201 | 9.30ms
2026-08-26 00:47:18,972 | INFO | finance_tracker.transactions | req=dbcc7c8e | Transaction list requested: user_id=1, page=1, limit=20
2026-08-26 00:47:18,975 | INFO | finance_tracker.transactions | req=dbcc7c8e | Transaction list returned: user_id=1, count=1
2026-08-26 00:47:18,976 | INFO | finance_tracker.middleware | req=dbcc7c8e | GET /api/v1/transactions | 200 | 7.37ms
2026-08-26 00:47:18,990 | INFO | finance_tracker.middleware | req=20ee7aea | GET /api/v1/transactions | 401 | 2.39ms
2026-08-26 00:47:19,025 | INFO | finance_tracker.transactions | req=8f0e3018 | Transaction create attempt: user_id=1, amount=100.0, type=TransactionType.EXPENSE
2026-08-26 00:47:19,028 | INFO | finance_tracker.transactions | req=8f0e3018 | Transaction created: txn_id=1, user_id=1
2026-08-26 00:47:19,029 | INFO | finance_tracker.middleware | req=8f0e3018 | POST /api/v1/transactions | 201 | 11.85ms
2026-08-26 00:47:19,036 | INFO | finance_tracker.transactions | req=3d8ccb75 | Transaction create attempt: user_id=1, amount=101.0, type=TransactionType.EXPENSE
2026-08-26 00:47:19,039 | INFO | finance_tracker.transactions | req=3d8ccb75 | Transaction created: txn_id=2, user_id=1
2026-08-26 00:47:19,040 | INFO | finance_tracker.middleware | req=3d8ccb75 | POST /api/v1/transactions | 201 | 7.98ms
2026-08-26 00:47:19,047 | INFO | finance_tracker.transactions | req=67215016 | Transaction create attempt: user_id=1, amount=102.0, type=TransactionType.EXPENSE
2026-08-26 00:47:19,049 | INFO | finance_tracker.transactions | req=67215016 | Transaction created: txn_id=3, user_id=1
2026-08-26 00:47:19,050 | INFO | finance_tracker.middleware | req=67215016 | POST /api/v1/transactions | 201 | 7.11ms
2026-08-26 00:47:19,057 | INFO | finance_tracker.transactions | req=5a6a3b52 | Transaction list requested: user_id=1, page=1, limit=2
2026-08-26 00:47:19,058 | INFO | finance_tracker.transactions | req=5a6a3b52 | Transaction list returned: user_id=1, count=2
2026-08-26 00:47:19,059 | INFO | finance_tracker.middleware | req=5a6a3b52 | GET /api/v1/transactions | 200 | 6.53ms
2026-08-26 00:47:19,088 | INFO | finance_tracker.middleware | req=7c46dcea | GET /api/v1/transactions | 422 | 4.73ms
2026-08-26 00:47:19,118 | INFO | finance_tracker.middleware | req=39968468 | GET /api/v1/transactions | 422 | 5.12ms
2026-08-26 00:47:19,153 | INFO | finance_tracker.transactions | req=df4aa45d | Transaction create attempt: user_id=1, amount=500.0, type=TransactionType.EXPENSE
2026-08-26 00:47:19,157 | INFO | finance_tracker.transactions | req=df4aa45d | Transaction created: txn_id=1, user_id=1
2026-08-26 00:47:19,158 | INFO | finance_tracker.middleware | req=df4aa45d | POST /api/v1/transactions | 201 | 10.28ms
2026-08-26 00:47:19,166 | INFO | finance_tracker.transactions | req=66781da6 | Transaction create attempt: user_id=1, amount=50000.0, type=TransactionType.INCOME
2026-08-26 00:47:19,168 | INFO | finance_tracker.transactions | req=66781da6 | Transaction created: txn_id=2, user_id=1
2026-08-26 00:47:19,170 | INFO | finance_tracker.middleware | req=66781da6 | POST /api/v1/transactions | 201 | 8.54ms
2026-08-26 00:47:19,176 | INFO | finance_tracker.transactions | req=b8aa013d | Transaction list requested: user_id=1, page=1, limit=20
2026-08-26 00:47:19,178 | INFO | finance_tracker.transactions | req=b8aa013d | Transaction list returned: user_id=1, count=1
2026-08-26 00:47:19,180 | INFO | finance_tracker.middleware | req=b8aa013d | GET /api/v1/transactions | 200 | 7.50ms
2026-08-26 00:47:19,209 | INFO | finance_tracker.transactions | req=8a086b7c | Transaction create attempt: user_id=1, amount=250.0, type=TransactionType.EXPENSE
2026-08-26 00:47:19,213 | INFO | finance_tracker.transactions | req=8a086b7c | Transaction created: txn_id=1, user_id=1
2026-08-26 00:47:19,214 | INFO | finance_tracker.middleware | req=8a086b7c | POST /api/v1/transactions | 201 | 10.79ms
2026-08-26 00:47:19,221 | INFO | finance_tracker.transactions | req=9ddbbcc2 | Transaction create attempt: user_id=1, amount=100.0, type=TransactionType.EXPENSE
2026-08-26 00:47:19,224 | INFO | finance_tracker.transactions | req=9ddbbcc2 | Transaction created: txn_id=2, user_id=1
2026-08-26 00:47:19,225 | INFO | finance_tracker.middleware | req=9ddbbcc2 | POST /api/v1/transactions | 201 | 7.44ms
2026-08-26 00:47:19,231 | INFO | finance_tracker.transactions | req=4c7de33a | Transaction list requested: user_id=1, page=1, limit=20
2026-08-26 00:47:19,233 | INFO | finance_tracker.transactions | req=4c7de33a | Transaction list returned: user_id=1, count=1
2026-08-26 00:47:19,234 | INFO | finance_tracker.middleware | req=4c7de33a | GET /api/v1/transactions | 200 | 7.02ms
2026-08-26 00:47:19,262 | INFO | finance_tracker.transactions | req=55bdbe52 | Transaction create attempt: user_id=1, amount=500.0, type=TransactionType.EXPENSE
2026-08-26 00:47:19,265 | INFO | finance_tracker.transactions | req=55bdbe52 | Transaction created: txn_id=1, user_id=1
2026-08-26 00:47:19,266 | INFO | finance_tracker.middleware | req=55bdbe52 | POST /api/v1/transactions | 201 | 9.55ms
2026-08-26 00:47:19,272 | INFO | finance_tracker.transactions | req=feb8c498 | Transaction create attempt: user_id=1, amount=500.0, type=TransactionType.EXPENSE
2026-08-26 00:47:19,274 | INFO | finance_tracker.transactions | req=feb8c498 | Transaction created: txn_id=2, user_id=1
2026-08-26 00:47:19,275 | INFO | finance_tracker.middleware | req=feb8c498 | POST /api/v1/transactions | 201 | 6.71ms
2026-08-26 00:47:19,281 | INFO | finance_tracker.transactions | req=6c667683 | Transaction list requested: user_id=1, page=1, limit=20
2026-08-26 00:47:19,283 | INFO | finance_tracker.transactions | req=6c667683 | Transaction list returned: user_id=1, count=1
2026-08-26 00:47:19,284 | INFO | finance_tracker.middleware | req=6c667683 | GET /api/v1/transactions | 200 | 6.90ms
2026-08-26 00:47:19,309 | INFO | finance_tracker.transactions | req=53a064f6 | Transaction create attempt: user_id=1, amount=500.0, type=TransactionType.EXPENSE
2026-08-26 00:47:19,312 | INFO | finance_tracker.transactions | req=53a064f6 | Transaction created: txn_id=1, user_id=1
2026-08-26 00:47:19,313 | INFO | finance_tracker.middleware | req=53a064f6 | POST /api/v1/transactions | 201 | 8.15ms
2026-08-26 00:47:19,319 | INFO | finance_tracker.transactions | req=4935ef81 | Transaction list requested: user_id=1, page=1, limit=20
2026-08-26 00:47:19,322 | INFO | finance_tracker.transactions | req=4935ef81 | Transaction list returned: user_id=1, count=1
2026-08-26 00:47:19,323 | INFO | finance_tracker.middleware | req=4935ef81 | GET /api/v1/transactions | 200 | 7.24ms
2026-08-26 00:47:19,356 | INFO | finance_tracker.transactions | req=843c78f1 | Transaction list requested: user_id=1, page=1, limit=20
2026-08-26 00:47:19,357 | INFO | finance_tracker.transactions | req=843c78f1 | Transaction list returned: user_id=1, count=0
2026-08-26 00:47:19,358 | INFO | finance_tracker.middleware | req=843c78f1 | GET /api/v1/transactions | 200 | 10.09ms
2026-08-26 00:47:19,388 | INFO | finance_tracker.transactions | req=1da17bb3 | Transaction list requested: user_id=1, page=1, limit=20
2026-08-26 00:47:19,391 | INFO | finance_tracker.transactions | req=1da17bb3 | Transaction list returned: user_id=1, count=0
2026-08-26 00:47:19,392 | INFO | finance_tracker.middleware | req=1da17bb3 | GET /api/v1/transactions | 200 | 8.66ms
2026-08-26 00:47:19,423 | INFO | finance_tracker.transactions | req=e6dda4af | Transaction create attempt: user_id=1, amount=100.0, type=TransactionType.EXPENSE
2026-08-26 00:47:19,427 | INFO | finance_tracker.transactions | req=e6dda4af | Transaction created: txn_id=1, user_id=1
2026-08-26 00:47:19,428 | INFO | finance_tracker.middleware | req=e6dda4af | POST /api/v1/transactions | 201 | 9.81ms
2026-08-26 00:47:19,435 | INFO | finance_tracker.transactions | req=5b2ebf70 | Transaction create attempt: user_id=1, amount=200.0, type=TransactionType.EXPENSE
2026-08-26 00:47:19,437 | INFO | finance_tracker.transactions | req=5b2ebf70 | Transaction created: txn_id=2, user_id=1
2026-08-26 00:47:19,439 | INFO | finance_tracker.middleware | req=5b2ebf70 | POST /api/v1/transactions | 201 | 7.32ms
2026-08-26 00:47:19,444 | INFO | finance_tracker.transactions | req=f067d372 | Transaction list requested: user_id=1, page=1, limit=20
2026-08-26 00:47:19,447 | INFO | finance_tracker.transactions | req=f067d372 | Transaction list returned: user_id=1, count=2
2026-08-26 00:47:19,448 | INFO | finance_tracker.middleware | req=f067d372 | GET /api/v1/transactions | 200 | 6.46ms
2026-08-26 00:47:19,475 | INFO | finance_tracker.transactions | req=c3558098 | Transaction create attempt: user_id=1, amount=500.0, type=TransactionType.EXPENSE
2026-08-26 00:47:19,478 | INFO | finance_tracker.transactions | req=c3558098 | Transaction created: txn_id=1, user_id=1
2026-08-26 00:47:19,480 | INFO | finance_tracker.middleware | req=c3558098 | POST /api/v1/transactions | 201 | 9.70ms
2026-08-26 00:47:19,489 | INFO | finance_tracker.transactions | req=411fc107 | Transaction fetched: txn_id=1, user_id=1
2026-08-26 00:47:19,490 | INFO | finance_tracker.middleware | req=411fc107 | GET /api/v1/transactions/1 | 200 | 6.93ms
2026-08-26 00:47:19,525 | WARNING | finance_tracker.transactions | req=96215123 | Transaction not found: txn_id=999999, user_id=1
2026-08-26 00:47:19,526 | INFO | finance_tracker.middleware | req=96215123 | GET /api/v1/transactions/999999 | 404 | 7.89ms
2026-08-26 00:47:19,556 | INFO | finance_tracker.transactions | req=d7986e54 | Transaction create attempt: user_id=1, amount=500.0, type=TransactionType.EXPENSE
2026-08-26 00:47:19,558 | INFO | finance_tracker.transactions | req=d7986e54 | Transaction created: txn_id=1, user_id=1
2026-08-26 00:47:19,559 | INFO | finance_tracker.middleware | req=d7986e54 | POST /api/v1/transactions | 201 | 7.50ms
2026-08-26 00:47:19,563 | INFO | finance_tracker.middleware | req=d4973fa2 | GET /api/v1/transactions/1 | 401 | 1.94ms
2026-08-26 00:47:19,590 | INFO | finance_tracker.transactions | req=47f86465 | Transaction create attempt: user_id=1, amount=500.0, type=TransactionType.EXPENSE
2026-08-26 00:47:19,593 | INFO | finance_tracker.transactions | req=47f86465 | Transaction created: txn_id=1, user_id=1
2026-08-26 00:47:19,594 | INFO | finance_tracker.middleware | req=47f86465 | POST /api/v1/transactions | 201 | 8.51ms
2026-08-26 00:47:19,601 | INFO | finance_tracker.transactions | req=2da92bfe | Transaction update attempt: txn_id=1, user_id=1
2026-08-26 00:47:19,603 | INFO | finance_tracker.transactions | req=2da92bfe | Transaction fetched: txn_id=1, user_id=1
2026-08-26 00:47:19,605 | INFO | finance_tracker.transactions | req=2da92bfe | Transaction updated: txn_id=1, user_id=1
2026-08-26 00:47:19,606 | INFO | finance_tracker.middleware | req=2da92bfe | PATCH /api/v1/transactions/1 | 200 | 9.55ms
2026-08-26 00:47:19,638 | INFO | finance_tracker.transactions | req=6d15ce8a | Transaction create attempt: user_id=1, amount=500.0, type=TransactionType.EXPENSE
2026-08-26 00:47:19,640 | INFO | finance_tracker.transactions | req=6d15ce8a | Transaction created: txn_id=1, user_id=1
2026-08-26 00:47:19,642 | INFO | finance_tracker.middleware | req=6d15ce8a | POST /api/v1/transactions | 201 | 9.05ms
2026-08-26 00:47:19,647 | INFO | finance_tracker.transactions | req=5c20a298 | Transaction update attempt: txn_id=1, user_id=1
2026-08-26 00:47:19,648 | INFO | finance_tracker.transactions | req=5c20a298 | Transaction fetched: txn_id=1, user_id=1
2026-08-26 00:47:19,651 | INFO | finance_tracker.transactions | req=5c20a298 | Transaction updated: txn_id=1, user_id=1
2026-08-26 00:47:19,652 | INFO | finance_tracker.middleware | req=5c20a298 | PATCH /api/v1/transactions/1 | 200 | 7.86ms
2026-08-26 00:47:19,678 | INFO | finance_tracker.transactions | req=b171e973 | Transaction create attempt: user_id=1, amount=500.0, type=TransactionType.EXPENSE
2026-08-26 00:47:19,680 | INFO | finance_tracker.transactions | req=b171e973 | Transaction created: txn_id=1, user_id=1
2026-08-26 00:47:19,682 | INFO | finance_tracker.middleware | req=b171e973 | POST /api/v1/transactions | 201 | 8.39ms
2026-08-26 00:47:19,688 | INFO | finance_tracker.transactions | req=fb39358d | Transaction update attempt: txn_id=1, user_id=1
2026-08-26 00:47:19,689 | INFO | finance_tracker.transactions | req=fb39358d | Transaction fetched: txn_id=1, user_id=1
2026-08-26 00:47:19,692 | INFO | finance_tracker.transactions | req=fb39358d | Transaction updated: txn_id=1, user_id=1
2026-08-26 00:47:19,693 | INFO | finance_tracker.middleware | req=fb39358d | PATCH /api/v1/transactions/1 | 200 | 8.35ms
2026-08-26 00:47:19,722 | INFO | finance_tracker.transactions | req=2924e507 | Transaction create attempt: user_id=1, amount=500.0, type=TransactionType.EXPENSE
2026-08-26 00:47:19,726 | INFO | finance_tracker.transactions | req=2924e507 | Transaction created: txn_id=1, user_id=1
2026-08-26 00:47:19,728 | INFO | finance_tracker.middleware | req=2924e507 | POST /api/v1/transactions | 201 | 10.80ms
2026-08-26 00:47:19,736 | INFO | finance_tracker.middleware | req=f528edb0 | PATCH /api/v1/transactions/1 | 422 | 5.31ms
2026-08-26 00:47:19,770 | INFO | finance_tracker.transactions | req=884dd076 | Transaction create attempt: user_id=1, amount=500.0, type=TransactionType.EXPENSE
2026-08-26 00:47:19,773 | INFO | finance_tracker.transactions | req=884dd076 | Transaction created: txn_id=1, user_id=1
2026-08-26 00:47:19,774 | INFO | finance_tracker.middleware | req=884dd076 | POST /api/v1/transactions | 201 | 9.62ms
2026-08-26 00:47:19,781 | INFO | finance_tracker.middleware | req=7cada5fc | PATCH /api/v1/transactions/1 | 422 | 4.73ms
2026-08-26 00:47:19,811 | INFO | finance_tracker.transactions | req=de1fece2 | Transaction update attempt: txn_id=999999, user_id=1
2026-08-26 00:47:19,813 | WARNING | finance_tracker.transactions | req=de1fece2 | Transaction not found: txn_id=999999, user_id=1
2026-08-26 00:47:19,814 | INFO | finance_tracker.middleware | req=de1fece2 | PATCH /api/v1/transactions/999999 | 404 | 7.69ms
2026-08-26 00:47:19,845 | INFO | finance_tracker.transactions | req=cd9c5fb1 | Transaction create attempt: user_id=1, amount=500.0, type=TransactionType.EXPENSE
2026-08-26 00:47:19,848 | INFO | finance_tracker.transactions | req=cd9c5fb1 | Transaction created: txn_id=1, user_id=1
2026-08-26 00:47:19,849 | INFO | finance_tracker.middleware | req=cd9c5fb1 | POST /api/v1/transactions | 201 | 10.45ms
2026-08-26 00:47:19,855 | WARNING | finance_tracker.transactions | req=35c8bb49 | Transaction delete attempt: txn_id=1, user_id=1
2026-08-26 00:47:19,857 | INFO | finance_tracker.transactions | req=35c8bb49 | Transaction fetched: txn_id=1, user_id=1
2026-08-26 00:47:19,859 | WARNING | finance_tracker.transactions | req=35c8bb49 | Transaction deleted: txn_id=1, user_id=1
2026-08-26 00:47:19,860 | INFO | finance_tracker.middleware | req=35c8bb49 | DELETE /api/v1/transactions/1 | 200 | 8.03ms
2026-08-26 00:47:19,866 | WARNING | finance_tracker.transactions | req=e43c4363 | Transaction not found: txn_id=1, user_id=1
2026-08-26 00:47:19,867 | INFO | finance_tracker.middleware | req=e43c4363 | GET /api/v1/transactions/1 | 404 | 5.28ms
2026-08-26 00:47:19,897 | WARNING | finance_tracker.transactions | req=2d7aff7c | Transaction delete attempt: txn_id=999999, user_id=1
2026-08-26 00:47:19,898 | WARNING | finance_tracker.transactions | req=2d7aff7c | Transaction not found: txn_id=999999, user_id=1
2026-08-26 00:47:19,899 | INFO | finance_tracker.middleware | req=2d7aff7c | DELETE /api/v1/transactions/999999 | 404 | 7.43ms
2026-08-26 00:47:19,916 | INFO | finance_tracker.middleware | req=7321b9cc | DELETE /api/v1/transactions/999999 | 401 | 2.85ms
2026-08-26 00:49:49,908 | INFO | finance_tracker.Auth | req=6f5c0872 | Registration attempt: register@finora.com
2026-08-26 00:49:49,944 | INFO | finance_tracker.Auth | req=6f5c0872 | User registered successfully: user_id=1, email=register@finora.com
2026-08-26 00:49:49,945 | INFO | finance_tracker.middleware | req=6f5c0872 | POST /api/v1/auth/register | 201 | 43.35ms
2026-08-26 00:49:49,961 | INFO | finance_tracker.Auth | req=db91827e | Registration attempt: duplicate@finora.com
2026-08-26 00:49:49,971 | INFO | finance_tracker.Auth | req=db91827e | User registered successfully: user_id=1, email=duplicate@finora.com
2026-08-26 00:49:49,973 | INFO | finance_tracker.middleware | req=db91827e | POST /api/v1/auth/register | 201 | 14.36ms
2026-08-26 00:49:49,977 | INFO | finance_tracker.Auth | req=35b34769 | Registration attempt: duplicate@finora.com
2026-08-26 00:49:49,979 | WARNING | finance_tracker.Auth | req=35b34769 | Registration failed: email already exists (duplicate@finora.com)
2026-08-26 00:49:49,980 | INFO | finance_tracker.middleware | req=35b34769 | POST /api/v1/auth/register | 400 | 4.60ms
2026-08-26 00:49:49,998 | INFO | finance_tracker.middleware | req=c2bfc8aa | POST /api/v1/auth/register | 422 | 2.77ms
2026-08-26 00:49:50,015 | INFO | finance_tracker.middleware | req=58f58815 | POST /api/v1/auth/register | 422 | 2.99ms
2026-08-26 00:49:50,036 | INFO | finance_tracker.middleware | req=1b285a73 | POST /api/v1/auth/register | 422 | 3.22ms
2026-08-26 00:49:50,051 | INFO | finance_tracker.Auth | req=817b5409 | Registration attempt: login@finora.com
2026-08-26 00:49:50,066 | INFO | finance_tracker.Auth | req=817b5409 | User registered successfully: user_id=1, email=login@finora.com
2026-08-26 00:49:50,069 | INFO | finance_tracker.middleware | req=817b5409 | POST /api/v1/auth/register | 201 | 20.12ms
2026-08-26 00:49:50,081 | INFO | finance_tracker.Auth | req=37d8fd69 | Login attempt: login@finora.com
2026-08-26 00:49:50,094 | INFO | finance_tracker.Auth | req=37d8fd69 | Login successful: user_id=1, email=login@finora.com
2026-08-26 00:49:50,095 | INFO | finance_tracker.middleware | req=37d8fd69 | POST /api/v1/auth/login | 200 | 22.52ms
2026-08-26 00:49:50,111 | INFO | finance_tracker.Auth | req=83f1e55c | Registration attempt: wrong-password@finora.com
2026-08-26 00:49:50,124 | INFO | finance_tracker.Auth | req=83f1e55c | User registered successfully: user_id=1, email=wrong-password@finora.com
2026-08-26 00:49:50,125 | INFO | finance_tracker.middleware | req=83f1e55c | POST /api/v1/auth/register | 201 | 16.58ms
2026-08-26 00:49:50,135 | INFO | finance_tracker.Auth | req=036da32d | Login attempt: wrong-password@finora.com
2026-08-26 00:49:50,146 | WARNING | finance_tracker.Auth | req=036da32d | Login failed: wrong password (user_id=1, email=wrong-password@finora.com)
2026-08-26 00:49:50,147 | INFO | finance_tracker.middleware | req=036da32d | POST /api/v1/auth/login | 401 | 19.02ms
2026-08-26 00:49:50,168 | INFO | finance_tracker.Auth | req=fb8cee7b | Login attempt: does-not-exist@finora.com
2026-08-26 00:49:50,170 | WARNING | finance_tracker.Auth | req=fb8cee7b | Login failed: user not found (does-not-exist@finora.com)
2026-08-26 00:49:50,171 | INFO | finance_tracker.middleware | req=fb8cee7b | POST /api/v1/auth/login | 401 | 11.30ms
2026-08-26 00:49:50,199 | INFO | finance_tracker.middleware | req=adc03b47 | POST /api/v1/auth/login | 422 | 10.83ms
2026-08-26 00:49:50,235 | INFO | finance_tracker.Auth | req=12eda087 | Profile accessed: user_id=1
2026-08-26 00:49:50,238 | INFO | finance_tracker.middleware | req=12eda087 | GET /api/v1/auth/me | 200 | 9.22ms
2026-08-26 00:49:50,255 | INFO | finance_tracker.middleware | req=a1f8c95a | GET /api/v1/auth/me | 401 | 1.58ms
2026-08-26 00:49:50,275 | INFO | finance_tracker.middleware | req=081c907a | GET /api/v1/auth/me | 401 | 3.71ms
2026-08-26 00:49:50,316 | INFO | finance_tracker.budgets | req=1d3af202 | Budget create attempt: user_id=1, month=8, year=2026
2026-08-26 00:49:50,329 | INFO | finance_tracker.budgets | req=1d3af202 | Budget created: budget_id=1, user_id=1
2026-08-26 00:49:50,331 | INFO | finance_tracker.middleware | req=1d3af202 | POST /api/v1/budgets/ | 201 | 20.85ms
2026-08-26 00:49:50,346 | INFO | finance_tracker.middleware | req=e24bb9ae | POST /api/v1/budgets/ | 401 | 2.98ms
2026-08-26 00:49:50,381 | INFO | finance_tracker.budgets | req=01706a36 | Budget create attempt: user_id=1, month=8, year=2026
2026-08-26 00:49:50,385 | WARNING | finance_tracker.budgets | req=01706a36 | Invalid category in budget: user_id=1, category_id=1
2026-08-26 00:49:50,386 | INFO | finance_tracker.middleware | req=01706a36 | POST /api/v1/budgets/ | 404 | 10.14ms
2026-08-26 00:49:50,416 | INFO | finance_tracker.middleware | req=4a5ca21c | POST /api/v1/budgets/ | 422 | 5.20ms
2026-08-26 00:49:50,450 | INFO | finance_tracker.middleware | req=57b18a9a | POST /api/v1/budgets/ | 422 | 7.57ms
2026-08-26 00:49:50,484 | INFO | finance_tracker.middleware | req=40254f21 | POST /api/v1/budgets/ | 422 | 6.35ms
2026-08-26 00:49:50,521 | INFO | finance_tracker.budgets | req=e959e2a2 | Budget create attempt: user_id=1, month=8, year=2026
2026-08-26 00:49:50,526 | INFO | finance_tracker.budgets | req=e959e2a2 | Budget created: budget_id=1, user_id=1
2026-08-26 00:49:50,527 | INFO | finance_tracker.middleware | req=e959e2a2 | POST /api/v1/budgets/ | 201 | 12.61ms
2026-08-26 00:49:50,535 | INFO | finance_tracker.budgets | req=91f36e0d | Budget list requested: user_id=1, month=None, year=None
2026-08-26 00:49:50,539 | INFO | finance_tracker.budgets | req=91f36e0d | Budget list returned: user_id=1, count=1
2026-08-26 00:49:50,540 | INFO | finance_tracker.middleware | req=91f36e0d | GET /api/v1/budgets/ | 200 | 10.43ms
2026-08-26 00:49:50,580 | INFO | finance_tracker.budgets | req=bce85a6a | Budget create attempt: user_id=1, month=8, year=2026
2026-08-26 00:49:50,584 | INFO | finance_tracker.budgets | req=bce85a6a | Budget created: budget_id=1, user_id=1
2026-08-26 00:49:50,586 | INFO | finance_tracker.middleware | req=bce85a6a | POST /api/v1/budgets/ | 201 | 11.70ms
2026-08-26 00:49:50,598 | INFO | finance_tracker.budgets | req=6213e5dc | Budget create attempt: user_id=1, month=9, year=2026
2026-08-26 00:49:50,605 | INFO | finance_tracker.budgets | req=6213e5dc | Budget created: budget_id=2, user_id=1
2026-08-26 00:49:50,607 | INFO | finance_tracker.middleware | req=6213e5dc | POST /api/v1/budgets/ | 201 | 16.97ms
2026-08-26 00:49:50,622 | INFO | finance_tracker.budgets | req=4e332bd5 | Budget list requested: user_id=1, month=8, year=None
2026-08-26 00:49:50,626 | INFO | finance_tracker.budgets | req=4e332bd5 | Budget list returned: user_id=1, count=1
2026-08-26 00:49:50,629 | INFO | finance_tracker.middleware | req=4e332bd5 | GET /api/v1/budgets/ | 200 | 17.04ms
2026-08-26 00:49:50,685 | INFO | finance_tracker.budgets | req=ddca14ba | Budget create attempt: user_id=1, month=8, year=2026
2026-08-26 00:49:50,692 | INFO | finance_tracker.budgets | req=ddca14ba | Budget created: budget_id=1, user_id=1
2026-08-26 00:49:50,694 | INFO | finance_tracker.middleware | req=ddca14ba | POST /api/v1/budgets/ | 201 | 16.32ms
2026-08-26 00:49:50,703 | INFO | finance_tracker.budgets | req=3965d16e | Budget create attempt: user_id=1, month=8, year=2027
2026-08-26 00:49:50,708 | INFO | finance_tracker.budgets | req=3965d16e | Budget created: budget_id=2, user_id=1
2026-08-26 00:49:50,710 | INFO | finance_tracker.middleware | req=3965d16e | POST /api/v1/budgets/ | 201 | 12.21ms
2026-08-26 00:49:50,720 | INFO | finance_tracker.budgets | req=07a1437b | Budget list requested: user_id=1, month=None, year=2026
2026-08-26 00:49:50,724 | INFO | finance_tracker.budgets | req=07a1437b | Budget list returned: user_id=1, count=1
2026-08-26 00:49:50,726 | INFO | finance_tracker.middleware | req=07a1437b | GET /api/v1/budgets/ | 200 | 11.90ms
2026-08-26 00:49:50,772 | INFO | finance_tracker.budgets | req=7b4dd723 | Budget create attempt: user_id=1, month=8, year=2026
2026-08-26 00:49:50,777 | INFO | finance_tracker.budgets | req=7b4dd723 | Budget created: budget_id=1, user_id=1
2026-08-26 00:49:50,779 | INFO | finance_tracker.middleware | req=7b4dd723 | POST /api/v1/budgets/ | 201 | 14.24ms
2026-08-26 00:49:50,788 | INFO | finance_tracker.budgets | req=860df11a | Budget create attempt: user_id=1, month=8, year=2027
2026-08-26 00:49:50,793 | INFO | finance_tracker.budgets | req=860df11a | Budget created: budget_id=2, user_id=1
2026-08-26 00:49:50,794 | INFO | finance_tracker.middleware | req=860df11a | POST /api/v1/budgets/ | 201 | 11.76ms
2026-08-26 00:49:50,804 | INFO | finance_tracker.budgets | req=41c8fe90 | Budget create attempt: user_id=1, month=9, year=2026
2026-08-26 00:49:50,811 | INFO | finance_tracker.budgets | req=41c8fe90 | Budget created: budget_id=3, user_id=1
2026-08-26 00:49:50,812 | INFO | finance_tracker.middleware | req=41c8fe90 | POST /api/v1/budgets/ | 201 | 14.83ms
2026-08-26 00:49:50,822 | INFO | finance_tracker.budgets | req=73f5b41d | Budget list requested: user_id=1, month=8, year=2026
2026-08-26 00:49:50,824 | INFO | finance_tracker.budgets | req=73f5b41d | Budget list returned: user_id=1, count=1
2026-08-26 00:49:50,826 | INFO | finance_tracker.middleware | req=73f5b41d | GET /api/v1/budgets/ | 200 | 9.10ms
2026-08-26 00:49:50,841 | INFO | finance_tracker.middleware | req=3af53bee | GET /api/v1/budgets/ | 401 | 2.38ms
2026-08-26 00:49:50,873 | INFO | finance_tracker.budgets | req=89ea60be | Current month budgets requested: user_id=1
2026-08-26 00:49:50,877 | INFO | finance_tracker.budgets | req=89ea60be | Current month budgets returned: user_id=1, count=0
2026-08-26 00:49:50,879 | INFO | finance_tracker.middleware | req=89ea60be | GET /api/v1/budgets/current-month | 200 | 14.46ms
2026-08-26 00:49:50,901 | INFO | finance_tracker.middleware | req=ca8cad45 | GET /api/v1/budgets/current-month | 401 | 4.02ms
2026-08-26 00:49:50,949 | INFO | finance_tracker.budgets | req=83284bdc | Budget create attempt: user_id=1, month=8, year=2026
2026-08-26 00:49:50,956 | INFO | finance_tracker.budgets | req=83284bdc | Budget created: budget_id=1, user_id=1
2026-08-26 00:49:50,958 | INFO | finance_tracker.middleware | req=83284bdc | POST /api/v1/budgets/ | 201 | 16.58ms
2026-08-26 00:49:50,970 | INFO | finance_tracker.budgets | req=71430edd | Budget fetched: budget_id=1, user_id=1
2026-08-26 00:49:50,971 | INFO | finance_tracker.middleware | req=71430edd | GET /api/v1/budgets/1 | 200 | 9.52ms
2026-08-26 00:49:51,005 | WARNING | finance_tracker.budgets | req=371fa75c | Budget not found: budget_id=999999, user_id=1
2026-08-26 00:49:51,006 | INFO | finance_tracker.middleware | req=371fa75c | GET /api/v1/budgets/999999 | 404 | 7.56ms
2026-08-26 00:49:51,037 | INFO | finance_tracker.budgets | req=c54d8913 | Budget create attempt: user_id=1, month=8, year=2026
2026-08-26 00:49:51,041 | INFO | finance_tracker.budgets | req=c54d8913 | Budget created: budget_id=1, user_id=1
2026-08-26 00:49:51,042 | INFO | finance_tracker.middleware | req=c54d8913 | POST /api/v1/budgets/ | 201 | 10.04ms
2026-08-26 00:49:51,047 | INFO | finance_tracker.middleware | req=29739bee | GET /api/v1/budgets/1 | 401 | 2.02ms
2026-08-26 00:49:51,077 | INFO | finance_tracker.budgets | req=5dd542c4 | Budget create attempt: user_id=1, month=8, year=2026
2026-08-26 00:49:51,081 | INFO | finance_tracker.budgets | req=5dd542c4 | Budget created: budget_id=1, user_id=1
2026-08-26 00:49:51,083 | INFO | finance_tracker.middleware | req=5dd542c4 | POST /api/v1/budgets/ | 201 | 11.94ms
2026-08-26 00:49:51,090 | INFO | finance_tracker.budgets | req=c76a6bec | Budget fetched: budget_id=1, user_id=1
2026-08-26 00:49:51,096 | INFO | finance_tracker.middleware | req=c76a6bec | GET /api/v1/budgets/status/1 | 200 | 11.54ms
2026-08-26 00:49:51,126 | WARNING | finance_tracker.budgets | req=9c6808de | Budget not found: budget_id=999999, user_id=1
2026-08-26 00:49:51,127 | INFO | finance_tracker.middleware | req=9c6808de | GET /api/v1/budgets/status/999999 | 404 | 5.76ms
2026-08-26 00:49:51,158 | INFO | finance_tracker.budgets | req=31c9b416 | Budget create attempt: user_id=1, month=8, year=2026
2026-08-26 00:49:51,162 | INFO | finance_tracker.budgets | req=31c9b416 | Budget created: budget_id=1, user_id=1
2026-08-26 00:49:51,163 | INFO | finance_tracker.middleware | req=31c9b416 | POST /api/v1/budgets/ | 201 | 9.81ms
2026-08-26 00:49:51,169 | INFO | finance_tracker.budgets | req=f5b4ceb4 | Budget update attempt: budget_id=1, user_id=1
2026-08-26 00:49:51,171 | INFO | finance_tracker.budgets | req=f5b4ceb4 | Budget fetched: budget_id=1, user_id=1
2026-08-26 00:49:51,175 | INFO | finance_tracker.budgets | req=f5b4ceb4 | Budget updated: budget_id=1, user_id=1
2026-08-26 00:49:51,176 | INFO | finance_tracker.middleware | req=f5b4ceb4 | PUT /api/v1/budgets/1 | 200 | 11.09ms
2026-08-26 00:49:51,201 | INFO | finance_tracker.budgets | req=b0995220 | Budget create attempt: user_id=1, month=8, year=2026
2026-08-26 00:49:51,205 | INFO | finance_tracker.budgets | req=b0995220 | Budget created: budget_id=1, user_id=1
2026-08-26 00:49:51,206 | INFO | finance_tracker.middleware | req=b0995220 | POST /api/v1/budgets/ | 201 | 8.61ms
2026-08-26 00:49:51,214 | INFO | finance_tracker.budgets | req=afdc8d11 | Budget update attempt: budget_id=1, user_id=1
2026-08-26 00:49:51,216 | INFO | finance_tracker.budgets | req=afdc8d11 | Budget fetched: budget_id=1, user_id=1
2026-08-26 00:49:51,220 | INFO | finance_tracker.budgets | req=afdc8d11 | Budget updated: budget_id=1, user_id=1
2026-08-26 00:49:51,221 | INFO | finance_tracker.middleware | req=afdc8d11 | PUT /api/v1/budgets/1 | 200 | 13.05ms
2026-08-26 00:49:51,255 | INFO | finance_tracker.budgets | req=25b17dd5 | Budget create attempt: user_id=1, month=8, year=2026
2026-08-26 00:49:51,259 | INFO | finance_tracker.budgets | req=25b17dd5 | Budget created: budget_id=1, user_id=1
2026-08-26 00:49:51,260 | INFO | finance_tracker.middleware | req=25b17dd5 | POST /api/v1/budgets/ | 201 | 9.05ms
2026-08-26 00:49:51,267 | INFO | finance_tracker.middleware | req=e59259c0 | PUT /api/v1/budgets/1 | 422 | 3.94ms
2026-08-26 00:49:51,296 | INFO | finance_tracker.budgets | req=4963f76a | Budget update attempt: budget_id=999999, user_id=1
2026-08-26 00:49:51,297 | WARNING | finance_tracker.budgets | req=4963f76a | Budget not found: budget_id=999999, user_id=1
2026-08-26 00:49:51,298 | INFO | finance_tracker.middleware | req=4963f76a | PUT /api/v1/budgets/999999 | 404 | 7.66ms
2026-08-26 00:49:51,332 | INFO | finance_tracker.budgets | req=a7590a26 | Budget create attempt: user_id=1, month=8, year=2026
2026-08-26 00:49:51,337 | INFO | finance_tracker.budgets | req=a7590a26 | Budget created: budget_id=1, user_id=1
2026-08-26 00:49:51,338 | INFO | finance_tracker.middleware | req=a7590a26 | POST /api/v1/budgets/ | 201 | 10.57ms
2026-08-26 00:49:51,345 | WARNING | finance_tracker.budgets | req=d555fdbb | Budget delete attempt: budget_id=1, user_id=1
2026-08-26 00:49:51,346 | INFO | finance_tracker.budgets | req=d555fdbb | Budget fetched: budget_id=1, user_id=1
2026-08-26 00:49:51,350 | WARNING | finance_tracker.budgets | req=d555fdbb | Budget deleted: budget_id=1, user_id=1
2026-08-26 00:49:51,351 | INFO | finance_tracker.middleware | req=d555fdbb | DELETE /api/v1/budgets/1 | 200 | 9.66ms
2026-08-26 00:49:51,358 | WARNING | finance_tracker.budgets | req=7e6200a6 | Budget not found: budget_id=1, user_id=1
2026-08-26 00:49:51,358 | INFO | finance_tracker.middleware | req=7e6200a6 | GET /api/v1/budgets/1 | 404 | 4.91ms
2026-08-26 00:49:51,390 | WARNING | finance_tracker.budgets | req=29bfea68 | Budget delete attempt: budget_id=999999, user_id=1
2026-08-26 00:49:51,391 | WARNING | finance_tracker.budgets | req=29bfea68 | Budget not found: budget_id=999999, user_id=1
2026-08-26 00:49:51,392 | INFO | finance_tracker.middleware | req=29bfea68 | DELETE /api/v1/budgets/999999 | 404 | 8.43ms
2026-08-26 00:49:51,408 | INFO | finance_tracker.middleware | req=0af9f082 | DELETE /api/v1/budgets/999999 | 401 | 2.92ms
2026-08-26 00:49:51,443 | INFO | finance_tracker.categories | req=3d97b6bd | Category create attempt: user_id=1, name=Salary, type=TransactionType.INCOME
2026-08-26 00:49:51,451 | INFO | finance_tracker.categories | req=3d97b6bd | Category created: category_id=1, user_id=1
2026-08-26 00:49:51,452 | INFO | finance_tracker.middleware | req=3d97b6bd | POST /api/v1/categories/ | 201 | 15.30ms
2026-08-26 00:49:51,486 | INFO | finance_tracker.categories | req=db8b2276 | Category create attempt: user_id=1, name=Food, type=TransactionType.EXPENSE
2026-08-26 00:49:51,490 | INFO | finance_tracker.categories | req=db8b2276 | Category created: category_id=1, user_id=1
2026-08-26 00:49:51,491 | INFO | finance_tracker.middleware | req=db8b2276 | POST /api/v1/categories/ | 201 | 10.36ms
2026-08-26 00:49:51,508 | INFO | finance_tracker.middleware | req=26c75d85 | POST /api/v1/categories/ | 401 | 3.53ms
2026-08-26 00:49:51,543 | INFO | finance_tracker.middleware | req=22f0b489 | POST /api/v1/categories/ | 422 | 7.53ms
2026-08-26 00:49:51,577 | INFO | finance_tracker.middleware | req=863df3db | POST /api/v1/categories/ | 422 | 5.31ms
2026-08-26 00:49:51,608 | INFO | finance_tracker.middleware | req=1db2b877 | POST /api/v1/categories/ | 422 | 4.57ms
2026-08-26 00:49:51,641 | INFO | finance_tracker.middleware | req=f28cfa48 | POST /api/v1/categories/ | 422 | 6.69ms
2026-08-26 00:49:51,682 | INFO | finance_tracker.categories | req=afe67722 | Category create attempt: user_id=1, name=Food, type=TransactionType.EXPENSE
2026-08-26 00:49:51,686 | INFO | finance_tracker.categories | req=afe67722 | Category created: category_id=1, user_id=1
2026-08-26 00:49:51,687 | INFO | finance_tracker.middleware | req=afe67722 | POST /api/v1/categories/ | 201 | 16.79ms
2026-08-26 00:49:51,694 | INFO | finance_tracker.categories | req=484d3756 | Category list requested: user_id=1, type=None
2026-08-26 00:49:51,695 | INFO | finance_tracker.categories | req=484d3756 | Category list returned: user_id=1, count=1
2026-08-26 00:49:51,696 | INFO | finance_tracker.middleware | req=484d3756 | GET /api/v1/categories/ | 200 | 6.23ms
2026-08-26 00:49:51,715 | INFO | finance_tracker.middleware | req=52abef77 | GET /api/v1/categories/ | 401 | 2.63ms
2026-08-26 00:49:51,746 | INFO | finance_tracker.categories | req=1f49217f | Category create attempt: user_id=1, name=Salary, type=TransactionType.INCOME
2026-08-26 00:49:51,750 | INFO | finance_tracker.categories | req=1f49217f | Category created: category_id=1, user_id=1
2026-08-26 00:49:51,752 | INFO | finance_tracker.middleware | req=1f49217f | POST /api/v1/categories/ | 201 | 11.12ms
2026-08-26 00:49:51,760 | INFO | finance_tracker.categories | req=e1c65aca | Category create attempt: user_id=1, name=Food, type=TransactionType.EXPENSE
2026-08-26 00:49:51,765 | INFO | finance_tracker.categories | req=e1c65aca | Category created: category_id=2, user_id=1
2026-08-26 00:49:51,766 | INFO | finance_tracker.middleware | req=e1c65aca | POST /api/v1/categories/ | 201 | 10.42ms
2026-08-26 00:49:51,772 | INFO | finance_tracker.categories | req=9a933843 | Category list requested: user_id=1, type=TransactionType.INCOME
2026-08-26 00:49:51,774 | INFO | finance_tracker.categories | req=9a933843 | Category list returned: user_id=1, count=1
2026-08-26 00:49:51,775 | INFO | finance_tracker.middleware | req=9a933843 | GET /api/v1/categories/ | 200 | 6.50ms
2026-08-26 00:49:51,801 | INFO | finance_tracker.categories | req=264af91d | Category create attempt: user_id=1, name=Salary, type=TransactionType.INCOME
2026-08-26 00:49:51,804 | INFO | finance_tracker.categories | req=264af91d | Category created: category_id=1, user_id=1
2026-08-26 00:49:51,805 | INFO | finance_tracker.middleware | req=264af91d | POST /api/v1/categories/ | 201 | 8.04ms
2026-08-26 00:49:51,812 | INFO | finance_tracker.categories | req=1be7e920 | Category create attempt: user_id=1, name=Food, type=TransactionType.EXPENSE
2026-08-26 00:49:51,815 | INFO | finance_tracker.categories | req=1be7e920 | Category created: category_id=2, user_id=1
2026-08-26 00:49:51,816 | INFO | finance_tracker.middleware | req=1be7e920 | POST /api/v1/categories/ | 201 | 8.54ms
2026-08-26 00:49:51,823 | INFO | finance_tracker.categories | req=d1905f04 | Category list requested: user_id=1, type=TransactionType.EXPENSE
2026-08-26 00:49:51,824 | INFO | finance_tracker.categories | req=d1905f04 | Category list returned: user_id=1, count=1
2026-08-26 00:49:51,825 | INFO | finance_tracker.middleware | req=d1905f04 | GET /api/v1/categories/ | 200 | 6.46ms
2026-08-26 00:49:51,854 | INFO | finance_tracker.categories | req=bc28af5a | Category create attempt: user_id=1, name=Food, type=TransactionType.EXPENSE
2026-08-26 00:49:51,858 | INFO | finance_tracker.categories | req=bc28af5a | Category created: category_id=1, user_id=1
2026-08-26 00:49:51,859 | INFO | finance_tracker.middleware | req=bc28af5a | POST /api/v1/categories/ | 201 | 9.64ms
2026-08-26 00:49:51,866 | INFO | finance_tracker.categories | req=c3eeb058 | Category fetched: category_id=1, user_id=1
2026-08-26 00:49:51,867 | INFO | finance_tracker.middleware | req=c3eeb058 | GET /api/v1/categories/1 | 200 | 5.27ms
2026-08-26 00:49:51,897 | INFO | finance_tracker.categories | req=8fd6285f | Category create attempt: user_id=1, name=Food, type=TransactionType.EXPENSE
2026-08-26 00:49:51,901 | INFO | finance_tracker.categories | req=8fd6285f | Category created: category_id=1, user_id=1
2026-08-26 00:49:51,902 | INFO | finance_tracker.middleware | req=8fd6285f | POST /api/v1/categories/ | 201 | 10.10ms
2026-08-26 00:49:51,907 | INFO | finance_tracker.middleware | req=b2ec41b8 | GET /api/v1/categories/1 | 401 | 2.40ms
2026-08-26 00:49:51,939 | WARNING | finance_tracker.categories | req=97f381bb | Category not found: category_id=999999, user_id=1
2026-08-26 00:49:51,940 | INFO | finance_tracker.middleware | req=97f381bb | GET /api/v1/categories/999999 | 404 | 6.70ms
2026-08-26 00:49:51,972 | INFO | finance_tracker.categories | req=d2d98b20 | Category create attempt: user_id=1, name=Old Name, type=TransactionType.EXPENSE
2026-08-26 00:49:51,976 | INFO | finance_tracker.categories | req=d2d98b20 | Category created: category_id=1, user_id=1
2026-08-26 00:49:51,978 | INFO | finance_tracker.middleware | req=d2d98b20 | POST /api/v1/categories/ | 201 | 10.53ms
2026-08-26 00:49:51,984 | INFO | finance_tracker.categories | req=5ad675cb | Category update attempt: category_id=1, user_id=1
2026-08-26 00:49:51,985 | INFO | finance_tracker.categories | req=5ad675cb | Category fetched: category_id=1, user_id=1
2026-08-26 00:49:51,990 | INFO | finance_tracker.categories | req=5ad675cb | Category updated: category_id=1, user_id=1
2026-08-26 00:49:51,991 | INFO | finance_tracker.middleware | req=5ad675cb | PUT /api/v1/categories/1 | 200 | 10.68ms
2026-08-26 00:49:52,019 | INFO | finance_tracker.categories | req=ee83cfac | Category create attempt: user_id=1, name=Adjustable Category, type=TransactionType.EXPENSE
2026-08-26 00:49:52,023 | INFO | finance_tracker.categories | req=ee83cfac | Category created: category_id=1, user_id=1
2026-08-26 00:49:52,024 | INFO | finance_tracker.middleware | req=ee83cfac | POST /api/v1/categories/ | 201 | 9.54ms
2026-08-26 00:49:52,030 | INFO | finance_tracker.categories | req=7f621282 | Category update attempt: category_id=1, user_id=1
2026-08-26 00:49:52,031 | INFO | finance_tracker.categories | req=7f621282 | Category fetched: category_id=1, user_id=1
2026-08-26 00:49:52,035 | INFO | finance_tracker.categories | req=7f621282 | Category updated: category_id=1, user_id=1
2026-08-26 00:49:52,036 | INFO | finance_tracker.middleware | req=7f621282 | PUT /api/v1/categories/1 | 200 | 9.93ms
2026-08-26 00:49:52,076 | INFO | finance_tracker.categories | req=0899be9a | Category create attempt: user_id=1, name=Food, type=TransactionType.EXPENSE
2026-08-26 00:49:52,080 | INFO | finance_tracker.categories | req=0899be9a | Category created: category_id=1, user_id=1
2026-08-26 00:49:52,081 | INFO | finance_tracker.middleware | req=0899be9a | POST /api/v1/categories/ | 201 | 15.30ms
2026-08-26 00:49:52,090 | INFO | finance_tracker.middleware | req=5d1473aa | PUT /api/v1/categories/1 | 422 | 5.64ms
2026-08-26 00:49:52,130 | INFO | finance_tracker.categories | req=7b9c64f0 | Category update attempt: category_id=999999, user_id=1
2026-08-26 00:49:52,131 | WARNING | finance_tracker.categories | req=7b9c64f0 | Category not found: category_id=999999, user_id=1
2026-08-26 00:49:52,132 | INFO | finance_tracker.middleware | req=7b9c64f0 | PUT /api/v1/categories/999999 | 404 | 8.99ms
2026-08-26 00:49:52,164 | INFO | finance_tracker.categories | req=9960a2b9 | Category create attempt: user_id=1, name=Food, type=TransactionType.EXPENSE
2026-08-26 00:49:52,167 | INFO | finance_tracker.categories | req=9960a2b9 | Category created: category_id=1, user_id=1
2026-08-26 00:49:52,169 | INFO | finance_tracker.middleware | req=9960a2b9 | POST /api/v1/categories/ | 201 | 9.42ms
2026-08-26 00:49:52,174 | WARNING | finance_tracker.categories | req=7048a5d0 | Category delete attempt: category_id=1, user_id=1
2026-08-26 00:49:52,176 | INFO | finance_tracker.categories | req=7048a5d0 | Category fetched: category_id=1, user_id=1
2026-08-26 00:49:52,180 | WARNING | finance_tracker.categories | req=7048a5d0 | Category deleted: category_id=1, user_id=1
2026-08-26 00:49:52,181 | INFO | finance_tracker.middleware | req=7048a5d0 | DELETE /api/v1/categories/1 | 200 | 9.83ms
2026-08-26 00:49:52,187 | WARNING | finance_tracker.categories | req=f409d740 | Category not found: category_id=1, user_id=1
2026-08-26 00:49:52,189 | INFO | finance_tracker.middleware | req=f409d740 | GET /api/v1/categories/1 | 404 | 5.51ms
2026-08-26 00:49:52,219 | WARNING | finance_tracker.categories | req=28b8979a | Category delete attempt: category_id=999999, user_id=1
2026-08-26 00:49:52,221 | WARNING | finance_tracker.categories | req=28b8979a | Category not found: category_id=999999, user_id=1
2026-08-26 00:49:52,222 | INFO | finance_tracker.middleware | req=28b8979a | DELETE /api/v1/categories/999999 | 404 | 9.05ms
2026-08-26 00:49:52,242 | INFO | finance_tracker.middleware | req=4b0f8b01 | DELETE /api/v1/categories/999999 | 401 | 2.97ms
2026-08-26 00:49:52,278 | INFO | finance_tracker.dashboard | req=37fe04f4 | Dashboard summary requested: user_id=1
2026-08-26 00:49:52,286 | INFO | finance_tracker.dashboard | req=37fe04f4 | Dashboard summary generated: user_id=1
2026-08-26 00:49:52,287 | INFO | finance_tracker.middleware | req=37fe04f4 | GET /api/v1/dashboard/summary | 200 | 14.15ms
2026-08-26 00:49:52,327 | INFO | finance_tracker.dashboard | req=5b2dd1b8 | Dashboard summary requested: user_id=1
2026-08-26 00:49:52,331 | INFO | finance_tracker.dashboard | req=5b2dd1b8 | Dashboard summary generated: user_id=1
2026-08-26 00:49:52,332 | INFO | finance_tracker.middleware | req=5b2dd1b8 | GET /api/v1/dashboard/summary | 200 | 10.28ms
2026-08-26 00:49:52,368 | INFO | finance_tracker.middleware | req=532ed7ae | GET /api/v1/dashboard/summary | 422 | 6.18ms
2026-08-26 00:49:52,410 | INFO | finance_tracker.middleware | req=c75630bd | GET /api/v1/dashboard/summary | 422 | 8.42ms
2026-08-26 00:49:52,432 | INFO | finance_tracker.middleware | req=4a9a9f61 | GET /api/v1/dashboard/summary | 401 | 3.20ms
2026-08-26 00:49:52,468 | INFO | finance_tracker.dashboard | req=8ed1a059 | Monthly trend requested: user_id=1
2026-08-26 00:49:52,472 | INFO | finance_tracker.dashboard | req=8ed1a059 | Monthly trend generated: user_id=1
2026-08-26 00:49:52,474 | INFO | finance_tracker.middleware | req=8ed1a059 | GET /api/v1/dashboard/monthly-trend | 200 | 10.98ms
2026-08-26 00:49:52,507 | INFO | finance_tracker.dashboard | req=0aad29d0 | Monthly trend requested: user_id=1
2026-08-26 00:49:52,508 | INFO | finance_tracker.dashboard | req=0aad29d0 | Monthly trend generated: user_id=1
2026-08-26 00:49:52,509 | INFO | finance_tracker.middleware | req=0aad29d0 | GET /api/v1/dashboard/monthly-trend | 200 | 7.71ms
2026-08-26 00:49:52,542 | INFO | finance_tracker.middleware | req=7d42dea1 | GET /api/v1/dashboard/monthly-trend | 422 | 4.88ms
2026-08-26 00:49:52,560 | INFO | finance_tracker.middleware | req=3f453931 | GET /api/v1/dashboard/monthly-trend | 401 | 3.19ms
2026-08-26 00:49:52,593 | INFO | finance_tracker.dashboard | req=4188017d | Category breakdown requested: user_id=1
2026-08-26 00:49:52,598 | INFO | finance_tracker.dashboard | req=4188017d | Category breakdown generated: user_id=1
2026-08-26 00:49:52,599 | INFO | finance_tracker.middleware | req=4188017d | GET /api/v1/dashboard/category-breakdown | 200 | 10.06ms
2026-08-26 00:49:52,632 | INFO | finance_tracker.dashboard | req=5e71996e | Category breakdown requested: user_id=1
2026-08-26 00:49:52,633 | INFO | finance_tracker.dashboard | req=5e71996e | Category breakdown generated: user_id=1
2026-08-26 00:49:52,634 | INFO | finance_tracker.middleware | req=5e71996e | GET /api/v1/dashboard/category-breakdown | 200 | 6.90ms
2026-08-26 00:49:52,670 | INFO | finance_tracker.middleware | req=81240362 | GET /api/v1/dashboard/category-breakdown | 422 | 6.66ms
2026-08-26 00:49:52,708 | INFO | finance_tracker.middleware | req=c7c31fc6 | GET /api/v1/dashboard/category-breakdown | 422 | 6.33ms
2026-08-26 00:49:52,729 | INFO | finance_tracker.middleware | req=d50b4683 | GET /api/v1/dashboard/category-breakdown | 401 | 3.28ms
2026-08-26 00:49:52,775 | INFO | finance_tracker.middleware | req=b04a7902 | GET /api/v1/dashboard/status | 200 | 8.30ms
2026-08-26 00:49:52,811 | INFO | finance_tracker.middleware | req=f5a7ee9e | GET /api/v1/dashboard/status | 422 | 5.18ms
2026-08-26 00:49:52,845 | INFO | finance_tracker.middleware | req=d33a313e | GET /api/v1/dashboard/status | 422 | 6.53ms
2026-08-26 00:49:52,875 | INFO | finance_tracker.middleware | req=dc253cc2 | GET /api/v1/dashboard/status | 422 | 4.88ms
2026-08-26 00:49:52,909 | INFO | finance_tracker.middleware | req=e8b87075 | GET /api/v1/dashboard/status | 422 | 4.99ms
2026-08-26 00:49:52,925 | INFO | finance_tracker.middleware | req=54cc5f7a | GET /api/v1/dashboard/status | 401 | 3.06ms
2026-08-26 00:49:52,958 | INFO | finance_tracker.dashboard | req=8fe98b8e | Recent transactions requested: user_id=1, limit=5
2026-08-26 00:49:52,961 | INFO | finance_tracker.dashboard | req=8fe98b8e | Recent transactions returned: user_id=1, count=0
2026-08-26 00:49:52,961 | INFO | finance_tracker.middleware | req=8fe98b8e | GET /api/v1/dashboard/recent-transactions | 200 | 8.92ms
2026-08-26 00:49:52,993 | INFO | finance_tracker.dashboard | req=b96f5cc5 | Recent transactions requested: user_id=1, limit=10
2026-08-26 00:49:52,994 | INFO | finance_tracker.dashboard | req=b96f5cc5 | Recent transactions returned: user_id=1, count=0
2026-08-26 00:49:52,995 | INFO | finance_tracker.middleware | req=b96f5cc5 | GET /api/v1/dashboard/recent-transactions | 200 | 7.08ms
2026-08-26 00:49:53,027 | INFO | finance_tracker.middleware | req=b8d65523 | GET /api/v1/dashboard/recent-transactions | 422 | 5.28ms
2026-08-26 00:49:53,059 | INFO | finance_tracker.middleware | req=c978cd4f | GET /api/v1/dashboard/recent-transactions | 422 | 6.41ms
2026-08-26 00:49:53,095 | INFO | finance_tracker.middleware | req=28006f65 | GET /api/v1/dashboard/recent-transactions | 422 | 5.49ms
2026-08-26 00:49:53,114 | INFO | finance_tracker.middleware | req=b8191049 | GET /api/v1/dashboard/recent-transactions | 401 | 3.06ms
2026-08-26 00:49:53,152 | INFO | finance_tracker.transactions | req=552223e2 | Transaction create attempt: user_id=1, amount=50000.0, type=TransactionType.INCOME
2026-08-26 00:49:53,159 | INFO | finance_tracker.transactions | req=552223e2 | Transaction created: txn_id=1, user_id=1
2026-08-26 00:49:53,160 | INFO | finance_tracker.middleware | req=552223e2 | POST /api/v1/transactions | 201 | 14.76ms
2026-08-26 00:49:53,168 | INFO | finance_tracker.transactions | req=05756fde | Transaction create attempt: user_id=1, amount=5000.0, type=TransactionType.EXPENSE
2026-08-26 00:49:53,170 | INFO | finance_tracker.transactions | req=05756fde | Transaction created: txn_id=2, user_id=1
2026-08-26 00:49:53,172 | INFO | finance_tracker.middleware | req=05756fde | POST /api/v1/transactions | 201 | 8.67ms
2026-08-26 00:49:53,183 | INFO | finance_tracker.middleware | req=8e9ce9e3 | GET /api/v1/reports/cash-flow | 200 | 8.37ms
2026-08-26 00:49:53,199 | INFO | finance_tracker.middleware | req=d892f24a | GET /api/v1/reports/cash-flow | 401 | 2.49ms
2026-08-26 00:49:53,231 | INFO | finance_tracker.middleware | req=64f35232 | GET /api/v1/reports/cash-flow | 422 | 4.45ms
2026-08-26 00:49:53,261 | INFO | finance_tracker.middleware | req=8519c46f | GET /api/v1/reports/cash-flow | 422 | 4.91ms
2026-08-26 00:49:53,296 | INFO | finance_tracker.middleware | req=9176cd1e | GET /api/v1/reports/cash-flow | 422 | 5.19ms
2026-08-26 00:49:53,332 | INFO | finance_tracker.transactions | req=eba4c6f9 | Transaction create attempt: user_id=1, amount=5000.0, type=TransactionType.EXPENSE
2026-08-26 00:49:53,335 | INFO | finance_tracker.transactions | req=eba4c6f9 | Transaction created: txn_id=1, user_id=1
2026-08-26 00:49:53,337 | INFO | finance_tracker.middleware | req=eba4c6f9 | POST /api/v1/transactions | 201 | 10.07ms
2026-08-26 00:49:53,346 | INFO | finance_tracker.middleware | req=bc4c1717 | GET /api/v1/reports/category-analysis | 200 | 5.85ms
2026-08-26 00:49:53,361 | INFO | finance_tracker.middleware | req=aa3b0ff8 | GET /api/v1/reports/category-analysis | 401 | 2.79ms
2026-08-26 00:49:53,397 | INFO | finance_tracker.middleware | req=507a101a | GET /api/v1/reports/category-analysis | 422 | 6.42ms
2026-08-26 00:49:53,433 | INFO | finance_tracker.middleware | req=7b7cca34 | GET /api/v1/reports/category-analysis | 422 | 4.99ms
2026-08-26 00:49:53,465 | INFO | finance_tracker.middleware | req=330441e7 | GET /api/v1/reports/category-analysis | 422 | 5.52ms
2026-08-26 00:49:53,496 | INFO | finance_tracker.middleware | req=fa19d230 | GET /api/v1/reports/category-analysis | 422 | 4.88ms
2026-08-26 00:49:53,527 | INFO | finance_tracker.transactions | req=1b8aca8c | Transaction create attempt: user_id=1, amount=50000.0, type=TransactionType.INCOME
2026-08-26 00:49:53,531 | INFO | finance_tracker.transactions | req=1b8aca8c | Transaction created: txn_id=1, user_id=1
2026-08-26 00:49:53,532 | INFO | finance_tracker.middleware | req=1b8aca8c | POST /api/v1/transactions | 201 | 9.73ms
2026-08-26 00:49:53,540 | INFO | finance_tracker.transactions | req=49cfba9c | Transaction create attempt: user_id=1, amount=5000.0, type=TransactionType.EXPENSE
2026-08-26 00:49:53,543 | INFO | finance_tracker.transactions | req=49cfba9c | Transaction created: txn_id=2, user_id=1
2026-08-26 00:49:53,544 | INFO | finance_tracker.middleware | req=49cfba9c | POST /api/v1/transactions | 201 | 9.08ms
2026-08-26 00:49:53,553 | INFO | finance_tracker.middleware | req=1652948a | GET /api/v1/reports/income-vs-expense | 200 | 5.48ms
2026-08-26 00:49:53,568 | INFO | finance_tracker.middleware | req=9a03222e | GET /api/v1/reports/income-vs-expense | 401 | 2.91ms
2026-08-26 00:49:53,605 | INFO | finance_tracker.middleware | req=788a43f9 | GET /api/v1/reports/income-vs-expense | 422 | 7.18ms
2026-08-26 00:49:53,640 | INFO | finance_tracker.middleware | req=e1c36955 | GET /api/v1/reports/income-vs-expense | 422 | 6.17ms
2026-08-26 00:49:53,673 | INFO | finance_tracker.budgets | req=d7555ad4 | Budget create attempt: user_id=1, month=8, year=2026
2026-08-26 00:49:53,679 | INFO | finance_tracker.budgets | req=d7555ad4 | Budget created: budget_id=1, user_id=1
2026-08-26 00:49:53,681 | INFO | finance_tracker.middleware | req=d7555ad4 | POST /api/v1/budgets/ | 201 | 13.24ms
2026-08-26 00:49:53,690 | INFO | finance_tracker.transactions | req=e0c19223 | Transaction create attempt: user_id=1, amount=5000.0, type=TransactionType.EXPENSE
2026-08-26 00:49:53,695 | INFO | finance_tracker.transactions | req=e0c19223 | Transaction created: txn_id=1, user_id=1
2026-08-26 00:49:53,696 | INFO | finance_tracker.middleware | req=e0c19223 | POST /api/v1/transactions | 201 | 12.04ms
2026-08-26 00:49:53,707 | INFO | finance_tracker.middleware | req=506e0680 | GET /api/v1/reports/budget-performance | 200 | 7.69ms
2026-08-26 00:49:53,723 | INFO | finance_tracker.middleware | req=aa055c01 | GET /api/v1/reports/budget-performance | 401 | 2.86ms
2026-08-26 00:49:53,755 | INFO | finance_tracker.middleware | req=608d264d | GET /api/v1/reports/budget-performance | 422 | 7.90ms
2026-08-26 00:49:53,798 | INFO | finance_tracker.middleware | req=900399ab | GET /api/v1/reports/budget-performance | 422 | 5.79ms
2026-08-26 00:49:53,847 | INFO | finance_tracker.middleware | req=1315aefe | GET /api/v1/reports/budget-performance | 422 | 8.83ms
2026-08-26 00:49:53,881 | INFO | finance_tracker.middleware | req=b08f0546 | GET /api/v1/reports/budget-performance | 422 | 5.02ms
2026-08-26 00:49:53,914 | INFO | finance_tracker.transactions | req=f8f7faa2 | Transaction create attempt: user_id=1, amount=500.0, type=TransactionType.EXPENSE
2026-08-26 00:49:53,917 | INFO | finance_tracker.transactions | req=f8f7faa2 | Transaction created: txn_id=1, user_id=1
2026-08-26 00:49:53,918 | INFO | finance_tracker.middleware | req=f8f7faa2 | POST /api/v1/transactions | 201 | 9.05ms
2026-08-26 00:49:53,949 | INFO | finance_tracker.transactions | req=3cf80878 | Transaction create attempt: user_id=1, amount=50000.0, type=TransactionType.INCOME
2026-08-26 00:49:53,952 | INFO | finance_tracker.transactions | req=3cf80878 | Transaction created: txn_id=1, user_id=1
2026-08-26 00:49:53,953 | INFO | finance_tracker.middleware | req=3cf80878 | POST /api/v1/transactions | 201 | 9.29ms
2026-08-26 00:49:53,969 | INFO | finance_tracker.middleware | req=671ad6b1 | POST /api/v1/transactions | 401 | 3.16ms
2026-08-26 00:49:54,002 | INFO | finance_tracker.middleware | req=d49b948e | POST /api/v1/transactions | 422 | 5.61ms
2026-08-26 00:49:54,039 | INFO | finance_tracker.middleware | req=169431c8 | POST /api/v1/transactions | 422 | 11.30ms
2026-08-26 00:49:54,074 | INFO | finance_tracker.middleware | req=789f5335 | POST /api/v1/transactions | 422 | 7.00ms
2026-08-26 00:49:54,107 | INFO | finance_tracker.middleware | req=60db2153 | POST /api/v1/transactions | 422 | 5.95ms
2026-08-26 00:49:54,140 | INFO | finance_tracker.middleware | req=469b1565 | POST /api/v1/transactions | 422 | 5.97ms
2026-08-26 00:49:54,171 | INFO | finance_tracker.middleware | req=fdca9e68 | POST /api/v1/transactions | 422 | 5.57ms
2026-08-26 00:49:54,273 | INFO | finance_tracker.middleware | req=a4712347 | POST /api/v1/transactions | 422 | 75.08ms
2026-08-26 00:49:54,308 | INFO | finance_tracker.transactions | req=53c7e267 | Transaction create attempt: user_id=1, amount=500.0, type=TransactionType.EXPENSE
2026-08-26 00:49:54,313 | INFO | finance_tracker.transactions | req=53c7e267 | Transaction created: txn_id=1, user_id=1
2026-08-26 00:49:54,314 | INFO | finance_tracker.middleware | req=53c7e267 | POST /api/v1/transactions | 201 | 13.34ms
2026-08-26 00:49:54,323 | INFO | finance_tracker.transactions | req=687840cf | Transaction list requested: user_id=1, page=1, limit=20
2026-08-26 00:49:54,326 | INFO | finance_tracker.transactions | req=687840cf | Transaction list returned: user_id=1, count=1
2026-08-26 00:49:54,328 | INFO | finance_tracker.middleware | req=687840cf | GET /api/v1/transactions | 200 | 9.97ms
2026-08-26 00:49:54,348 | INFO | finance_tracker.middleware | req=f585b911 | GET /api/v1/transactions | 401 | 2.54ms
2026-08-26 00:49:54,385 | INFO | finance_tracker.transactions | req=3a56584c | Transaction create attempt: user_id=1, amount=100.0, type=TransactionType.EXPENSE
2026-08-26 00:49:54,388 | INFO | finance_tracker.transactions | req=3a56584c | Transaction created: txn_id=1, user_id=1
2026-08-26 00:49:54,390 | INFO | finance_tracker.middleware | req=3a56584c | POST /api/v1/transactions | 201 | 10.53ms
2026-08-26 00:49:54,397 | INFO | finance_tracker.transactions | req=6f17bf67 | Transaction create attempt: user_id=1, amount=101.0, type=TransactionType.EXPENSE
2026-08-26 00:49:54,400 | INFO | finance_tracker.transactions | req=6f17bf67 | Transaction created: txn_id=2, user_id=1
2026-08-26 00:49:54,401 | INFO | finance_tracker.middleware | req=6f17bf67 | POST /api/v1/transactions | 201 | 8.55ms
2026-08-26 00:49:54,407 | INFO | finance_tracker.transactions | req=64894656 | Transaction create attempt: user_id=1, amount=102.0, type=TransactionType.EXPENSE
2026-08-26 00:49:54,410 | INFO | finance_tracker.transactions | req=64894656 | Transaction created: txn_id=3, user_id=1
2026-08-26 00:49:54,411 | INFO | finance_tracker.middleware | req=64894656 | POST /api/v1/transactions | 201 | 6.66ms
2026-08-26 00:49:54,417 | INFO | finance_tracker.transactions | req=54a02690 | Transaction list requested: user_id=1, page=1, limit=2
2026-08-26 00:49:54,418 | INFO | finance_tracker.transactions | req=54a02690 | Transaction list returned: user_id=1, count=2
2026-08-26 00:49:54,419 | INFO | finance_tracker.middleware | req=54a02690 | GET /api/v1/transactions | 200 | 6.56ms
2026-08-26 00:49:54,451 | INFO | finance_tracker.middleware | req=68df7ec6 | GET /api/v1/transactions | 422 | 6.63ms
2026-08-26 00:49:54,482 | INFO | finance_tracker.middleware | req=2e5fcd4f | GET /api/v1/transactions | 422 | 5.72ms
2026-08-26 00:49:54,513 | INFO | finance_tracker.transactions | req=358da749 | Transaction create attempt: user_id=1, amount=500.0, type=TransactionType.EXPENSE
2026-08-26 00:49:54,517 | INFO | finance_tracker.transactions | req=358da749 | Transaction created: txn_id=1, user_id=1
2026-08-26 00:49:54,518 | INFO | finance_tracker.middleware | req=358da749 | POST /api/v1/transactions | 201 | 10.29ms
2026-08-26 00:49:54,526 | INFO | finance_tracker.transactions | req=d18421df | Transaction create attempt: user_id=1, amount=50000.0, type=TransactionType.INCOME
2026-08-26 00:49:54,528 | INFO | finance_tracker.transactions | req=d18421df | Transaction created: txn_id=2, user_id=1
2026-08-26 00:49:54,530 | INFO | finance_tracker.middleware | req=d18421df | POST /api/v1/transactions | 201 | 8.32ms
2026-08-26 00:49:54,536 | INFO | finance_tracker.transactions | req=08db7e16 | Transaction list requested: user_id=1, page=1, limit=20
2026-08-26 00:49:54,538 | INFO | finance_tracker.transactions | req=08db7e16 | Transaction list returned: user_id=1, count=1
2026-08-26 00:49:54,539 | INFO | finance_tracker.middleware | req=08db7e16 | GET /api/v1/transactions | 200 | 7.06ms
2026-08-26 00:49:54,568 | INFO | finance_tracker.transactions | req=1e0f507b | Transaction create attempt: user_id=1, amount=250.0, type=TransactionType.EXPENSE
2026-08-26 00:49:54,571 | INFO | finance_tracker.transactions | req=1e0f507b | Transaction created: txn_id=1, user_id=1
2026-08-26 00:49:54,572 | INFO | finance_tracker.middleware | req=1e0f507b | POST /api/v1/transactions | 201 | 8.76ms
2026-08-26 00:49:54,578 | INFO | finance_tracker.transactions | req=ea5cd8c8 | Transaction create attempt: user_id=1, amount=100.0, type=TransactionType.EXPENSE
2026-08-26 00:49:54,581 | INFO | finance_tracker.transactions | req=ea5cd8c8 | Transaction created: txn_id=2, user_id=1
2026-08-26 00:49:54,582 | INFO | finance_tracker.middleware | req=ea5cd8c8 | POST /api/v1/transactions | 201 | 7.04ms
2026-08-26 00:49:54,588 | INFO | finance_tracker.transactions | req=41c841b2 | Transaction list requested: user_id=1, page=1, limit=20
2026-08-26 00:49:54,591 | INFO | finance_tracker.transactions | req=41c841b2 | Transaction list returned: user_id=1, count=1
2026-08-26 00:49:54,592 | INFO | finance_tracker.middleware | req=41c841b2 | GET /api/v1/transactions | 200 | 7.83ms
2026-08-26 00:49:54,619 | INFO | finance_tracker.transactions | req=b1be6a07 | Transaction create attempt: user_id=1, amount=500.0, type=TransactionType.EXPENSE
2026-08-26 00:49:54,621 | INFO | finance_tracker.transactions | req=b1be6a07 | Transaction created: txn_id=1, user_id=1
2026-08-26 00:49:54,622 | INFO | finance_tracker.middleware | req=b1be6a07 | POST /api/v1/transactions | 201 | 8.43ms
2026-08-26 00:49:54,628 | INFO | finance_tracker.transactions | req=b9bf20c0 | Transaction create attempt: user_id=1, amount=500.0, type=TransactionType.EXPENSE
2026-08-26 00:49:54,631 | INFO | finance_tracker.transactions | req=b9bf20c0 | Transaction created: txn_id=2, user_id=1
2026-08-26 00:49:54,632 | INFO | finance_tracker.middleware | req=b9bf20c0 | POST /api/v1/transactions | 201 | 7.88ms
2026-08-26 00:49:54,639 | INFO | finance_tracker.transactions | req=c2584f9c | Transaction list requested: user_id=1, page=1, limit=20
2026-08-26 00:49:54,641 | INFO | finance_tracker.transactions | req=c2584f9c | Transaction list returned: user_id=1, count=1
2026-08-26 00:49:54,642 | INFO | finance_tracker.middleware | req=c2584f9c | GET /api/v1/transactions | 200 | 7.28ms
2026-08-26 00:49:54,669 | INFO | finance_tracker.transactions | req=fbce57b3 | Transaction create attempt: user_id=1, amount=500.0, type=TransactionType.EXPENSE
2026-08-26 00:49:54,672 | INFO | finance_tracker.transactions | req=fbce57b3 | Transaction created: txn_id=1, user_id=1
2026-08-26 00:49:54,673 | INFO | finance_tracker.middleware | req=fbce57b3 | POST /api/v1/transactions | 201 | 7.45ms
2026-08-26 00:49:54,679 | INFO | finance_tracker.transactions | req=c8820d67 | Transaction list requested: user_id=1, page=1, limit=20
2026-08-26 00:49:54,681 | INFO | finance_tracker.transactions | req=c8820d67 | Transaction list returned: user_id=1, count=1
2026-08-26 00:49:54,682 | INFO | finance_tracker.middleware | req=c8820d67 | GET /api/v1/transactions | 200 | 7.13ms
2026-08-26 00:49:54,713 | INFO | finance_tracker.transactions | req=e5ae743b | Transaction list requested: user_id=1, page=1, limit=20
2026-08-26 00:49:54,714 | INFO | finance_tracker.transactions | req=e5ae743b | Transaction list returned: user_id=1, count=0
2026-08-26 00:49:54,715 | INFO | finance_tracker.middleware | req=e5ae743b | GET /api/v1/transactions | 200 | 6.60ms
2026-08-26 00:49:54,743 | INFO | finance_tracker.transactions | req=4c3d8c07 | Transaction list requested: user_id=1, page=1, limit=20
2026-08-26 00:49:54,746 | INFO | finance_tracker.transactions | req=4c3d8c07 | Transaction list returned: user_id=1, count=0
2026-08-26 00:49:54,747 | INFO | finance_tracker.middleware | req=4c3d8c07 | GET /api/v1/transactions | 200 | 8.75ms
2026-08-26 00:49:54,782 | INFO | finance_tracker.transactions | req=6b3d9c3d | Transaction create attempt: user_id=1, amount=100.0, type=TransactionType.EXPENSE
2026-08-26 00:49:54,785 | INFO | finance_tracker.transactions | req=6b3d9c3d | Transaction created: txn_id=1, user_id=1
2026-08-26 00:49:54,787 | INFO | finance_tracker.middleware | req=6b3d9c3d | POST /api/v1/transactions | 201 | 11.44ms
2026-08-26 00:49:54,793 | INFO | finance_tracker.transactions | req=f5777e9b | Transaction create attempt: user_id=1, amount=200.0, type=TransactionType.EXPENSE
2026-08-26 00:49:54,796 | INFO | finance_tracker.transactions | req=f5777e9b | Transaction created: txn_id=2, user_id=1
2026-08-26 00:49:54,797 | INFO | finance_tracker.middleware | req=f5777e9b | POST /api/v1/transactions | 201 | 7.17ms
2026-08-26 00:49:54,803 | INFO | finance_tracker.transactions | req=3115a1c7 | Transaction list requested: user_id=1, page=1, limit=20
2026-08-26 00:49:54,804 | INFO | finance_tracker.transactions | req=3115a1c7 | Transaction list returned: user_id=1, count=2
2026-08-26 00:49:54,805 | INFO | finance_tracker.middleware | req=3115a1c7 | GET /api/v1/transactions | 200 | 6.39ms
2026-08-26 00:49:54,835 | INFO | finance_tracker.transactions | req=613ace68 | Transaction create attempt: user_id=1, amount=500.0, type=TransactionType.EXPENSE
2026-08-26 00:49:54,838 | INFO | finance_tracker.transactions | req=613ace68 | Transaction created: txn_id=1, user_id=1
2026-08-26 00:49:54,840 | INFO | finance_tracker.middleware | req=613ace68 | POST /api/v1/transactions | 201 | 10.38ms
2026-08-26 00:49:54,847 | INFO | finance_tracker.transactions | req=a5755fb4 | Transaction fetched: txn_id=1, user_id=1
2026-08-26 00:49:54,848 | INFO | finance_tracker.middleware | req=a5755fb4 | GET /api/v1/transactions/1 | 200 | 6.38ms
2026-08-26 00:49:54,879 | WARNING | finance_tracker.transactions | req=12cbd30b | Transaction not found: txn_id=999999, user_id=1
2026-08-26 00:49:54,880 | INFO | finance_tracker.middleware | req=12cbd30b | GET /api/v1/transactions/999999 | 404 | 6.67ms
2026-08-26 00:49:54,909 | INFO | finance_tracker.transactions | req=1a7c9989 | Transaction create attempt: user_id=1, amount=500.0, type=TransactionType.EXPENSE
2026-08-26 00:49:54,912 | INFO | finance_tracker.transactions | req=1a7c9989 | Transaction created: txn_id=1, user_id=1
2026-08-26 00:49:54,913 | INFO | finance_tracker.middleware | req=1a7c9989 | POST /api/v1/transactions | 201 | 9.68ms
2026-08-26 00:49:54,917 | INFO | finance_tracker.middleware | req=1e9c7a26 | GET /api/v1/transactions/1 | 401 | 2.09ms
2026-08-26 00:49:54,948 | INFO | finance_tracker.transactions | req=b96de55e | Transaction create attempt: user_id=1, amount=500.0, type=TransactionType.EXPENSE
2026-08-26 00:49:54,951 | INFO | finance_tracker.transactions | req=b96de55e | Transaction created: txn_id=1, user_id=1
2026-08-26 00:49:54,952 | INFO | finance_tracker.middleware | req=b96de55e | POST /api/v1/transactions | 201 | 9.44ms
2026-08-26 00:49:54,958 | INFO | finance_tracker.transactions | req=d4e72081 | Transaction update attempt: txn_id=1, user_id=1
2026-08-26 00:49:54,959 | INFO | finance_tracker.transactions | req=d4e72081 | Transaction fetched: txn_id=1, user_id=1
2026-08-26 00:49:54,961 | INFO | finance_tracker.transactions | req=d4e72081 | Transaction updated: txn_id=1, user_id=1
2026-08-26 00:49:54,962 | INFO | finance_tracker.middleware | req=d4e72081 | PATCH /api/v1/transactions/1 | 200 | 8.33ms
2026-08-26 00:49:54,992 | INFO | finance_tracker.transactions | req=84a6e897 | Transaction create attempt: user_id=1, amount=500.0, type=TransactionType.EXPENSE
2026-08-26 00:49:54,994 | INFO | finance_tracker.transactions | req=84a6e897 | Transaction created: txn_id=1, user_id=1
2026-08-26 00:49:54,995 | INFO | finance_tracker.middleware | req=84a6e897 | POST /api/v1/transactions | 201 | 8.98ms
2026-08-26 00:49:55,002 | INFO | finance_tracker.transactions | req=cfbde60e | Transaction update attempt: txn_id=1, user_id=1
2026-08-26 00:49:55,003 | INFO | finance_tracker.transactions | req=cfbde60e | Transaction fetched: txn_id=1, user_id=1
2026-08-26 00:49:55,006 | INFO | finance_tracker.transactions | req=cfbde60e | Transaction updated: txn_id=1, user_id=1
2026-08-26 00:49:55,007 | INFO | finance_tracker.middleware | req=cfbde60e | PATCH /api/v1/transactions/1 | 200 | 9.34ms
2026-08-26 00:49:55,034 | INFO | finance_tracker.transactions | req=fd02e33c | Transaction create attempt: user_id=1, amount=500.0, type=TransactionType.EXPENSE
2026-08-26 00:49:55,037 | INFO | finance_tracker.transactions | req=fd02e33c | Transaction created: txn_id=1, user_id=1
2026-08-26 00:49:55,038 | INFO | finance_tracker.middleware | req=fd02e33c | POST /api/v1/transactions | 201 | 8.12ms
2026-08-26 00:49:55,043 | INFO | finance_tracker.transactions | req=6575f778 | Transaction update attempt: txn_id=1, user_id=1
2026-08-26 00:49:55,044 | INFO | finance_tracker.transactions | req=6575f778 | Transaction fetched: txn_id=1, user_id=1
2026-08-26 00:49:55,046 | INFO | finance_tracker.transactions | req=6575f778 | Transaction updated: txn_id=1, user_id=1
2026-08-26 00:49:55,047 | INFO | finance_tracker.middleware | req=6575f778 | PATCH /api/v1/transactions/1 | 200 | 7.24ms
2026-08-26 00:49:55,076 | INFO | finance_tracker.transactions | req=23519111 | Transaction create attempt: user_id=1, amount=500.0, type=TransactionType.EXPENSE
2026-08-26 00:49:55,079 | INFO | finance_tracker.transactions | req=23519111 | Transaction created: txn_id=1, user_id=1
2026-08-26 00:49:55,080 | INFO | finance_tracker.middleware | req=23519111 | POST /api/v1/transactions | 201 | 9.34ms
2026-08-26 00:49:55,088 | INFO | finance_tracker.middleware | req=ebd679a1 | PATCH /api/v1/transactions/1 | 422 | 5.03ms
2026-08-26 00:49:55,120 | INFO | finance_tracker.transactions | req=2d61f12b | Transaction create attempt: user_id=1, amount=500.0, type=TransactionType.EXPENSE
2026-08-26 00:49:55,123 | INFO | finance_tracker.transactions | req=2d61f12b | Transaction created: txn_id=1, user_id=1
2026-08-26 00:49:55,124 | INFO | finance_tracker.middleware | req=2d61f12b | POST /api/v1/transactions | 201 | 11.75ms
2026-08-26 00:49:55,131 | INFO | finance_tracker.middleware | req=594fd9a3 | PATCH /api/v1/transactions/1 | 422 | 4.62ms
2026-08-26 00:49:55,161 | INFO | finance_tracker.transactions | req=ea880187 | Transaction update attempt: txn_id=999999, user_id=1
2026-08-26 00:49:55,162 | WARNING | finance_tracker.transactions | req=ea880187 | Transaction not found: txn_id=999999, user_id=1
2026-08-26 00:49:55,163 | INFO | finance_tracker.middleware | req=ea880187 | PATCH /api/v1/transactions/999999 | 404 | 6.96ms
2026-08-26 00:49:55,192 | INFO | finance_tracker.transactions | req=bced2153 | Transaction create attempt: user_id=1, amount=500.0, type=TransactionType.EXPENSE
2026-08-26 00:49:55,195 | INFO | finance_tracker.transactions | req=bced2153 | Transaction created: txn_id=1, user_id=1
2026-08-26 00:49:55,197 | INFO | finance_tracker.middleware | req=bced2153 | POST /api/v1/transactions | 201 | 9.35ms
2026-08-26 00:49:55,203 | WARNING | finance_tracker.transactions | req=eeb90540 | Transaction delete attempt: txn_id=1, user_id=1
2026-08-26 00:49:55,205 | INFO | finance_tracker.transactions | req=eeb90540 | Transaction fetched: txn_id=1, user_id=1
2026-08-26 00:49:55,207 | WARNING | finance_tracker.transactions | req=eeb90540 | Transaction deleted: txn_id=1, user_id=1
2026-08-26 00:49:55,208 | INFO | finance_tracker.middleware | req=eeb90540 | DELETE /api/v1/transactions/1 | 200 | 8.53ms
2026-08-26 00:49:55,214 | WARNING | finance_tracker.transactions | req=6ce21487 | Transaction not found: txn_id=1, user_id=1
2026-08-26 00:49:55,215 | INFO | finance_tracker.middleware | req=6ce21487 | GET /api/v1/transactions/1 | 404 | 5.08ms
2026-08-26 00:49:55,247 | WARNING | finance_tracker.transactions | req=72211fc8 | Transaction delete attempt: txn_id=999999, user_id=1
2026-08-26 00:49:55,248 | WARNING | finance_tracker.transactions | req=72211fc8 | Transaction not found: txn_id=999999, user_id=1
2026-08-26 00:49:55,249 | INFO | finance_tracker.middleware | req=72211fc8 | DELETE /api/v1/transactions/999999 | 404 | 6.75ms
2026-08-26 00:49:55,268 | INFO | finance_tracker.middleware | req=eba342e9 | DELETE /api/v1/transactions/999999 | 401 | 4.72ms
2026-08-26 00:49:55,285 | INFO | finance_tracker.middleware | req=9c2aa15f | GET /api/v1/health | 200 | 1.92ms
2026-08-26 00:49:55,301 | INFO | finance_tracker.middleware | req=c291b59e | GET /api/v1/health | 200 | 1.72ms
2026-08-26 00:49:55,334 | INFO | finance_tracker.middleware | req=354d3ac6 | GET /api/v1/users/me | 404 | 0.52ms
2026-08-26 00:49:55,394 | INFO | finance_tracker.middleware | req=c2751825 | GET /api/v1/users/me | 404 | 0.43ms
2026-08-26 00:49:55,412 | INFO | finance_tracker.middleware | req=c8967f7f | GET /api/v1/users/me | 404 | 0.64ms
2026-08-26 00:49:55,447 | INFO | finance_tracker.middleware | req=23e03816 | PATCH /api/v1/users/me | 404 | 0.61ms
2026-08-26 00:49:55,486 | INFO | finance_tracker.middleware | req=8079247a | PATCH /api/v1/users/me | 404 | 0.79ms
2026-08-26 00:49:55,522 | INFO | finance_tracker.middleware | req=e3f1fd61 | PATCH /api/v1/users/me | 404 | 0.64ms
2026-08-26 00:49:55,558 | INFO | finance_tracker.middleware | req=8974e87a | PATCH /api/v1/users/me | 404 | 0.82ms
2026-08-26 00:49:55,606 | INFO | finance_tracker.middleware | req=cf394fae | PATCH /api/v1/users/me | 404 | 0.60ms
2026-08-26 00:49:55,650 | INFO | finance_tracker.middleware | req=8a608e9c | PATCH /api/v1/users/me | 404 | 0.67ms
2026-08-26 00:49:55,697 | INFO | finance_tracker.middleware | req=ddfe30d8 | PATCH /api/v1/users/me | 404 | 0.80ms
2026-08-26 00:49:55,727 | INFO | finance_tracker.middleware | req=0b04e3d6 | PATCH /api/v1/users/me | 404 | 0.56ms
2026-08-26 00:49:55,768 | INFO | finance_tracker.middleware | req=cb868181 | PATCH /api/v1/users/change-password | 404 | 0.72ms
2026-08-26 00:49:55,806 | INFO | finance_tracker.middleware | req=4140994a | PATCH /api/v1/users/change-password | 404 | 0.55ms
2026-08-26 00:49:55,841 | INFO | finance_tracker.middleware | req=92a19538 | PATCH /api/v1/users/change-password | 404 | 0.51ms
2026-08-26 00:49:55,886 | INFO | finance_tracker.middleware | req=4b9c5afe | PATCH /api/v1/users/change-password | 404 | 0.88ms
2026-08-26 00:49:55,934 | INFO | finance_tracker.middleware | req=c1ac6b29 | PATCH /api/v1/users/change-password | 404 | 0.74ms
2026-08-26 00:49:55,962 | INFO | finance_tracker.middleware | req=1fe68d99 | PATCH /api/v1/users/change-password | 404 | 0.54ms
2026-08-26 00:49:56,014 | INFO | finance_tracker.middleware | req=90540d91 | DELETE /api/v1/users/me | 404 | 0.83ms
2026-08-26 00:49:56,041 | INFO | finance_tracker.middleware | req=93a5a3f2 | DELETE /api/v1/users/me | 404 | 0.44ms
2026-08-26 00:49:56,064 | INFO | finance_tracker.middleware | req=fac70213 | DELETE /api/v1/users/me | 404 | 0.54ms
2026-08-26 00:53:04,312 | INFO | finance_tracker.middleware | req=a1a4450e | GET /api/v1/health | 200 | 1.28ms
2026-08-26 00:53:04,321 | INFO | finance_tracker.middleware | req=bb4afdbb | GET /api/v1/health | 200 | 1.19ms
2026-08-26 00:53:04,365 | INFO | finance_tracker.middleware | req=c59aafbf | GET /api/v1/users/me | 200 | 11.81ms
2026-08-26 00:53:04,383 | INFO | finance_tracker.middleware | req=b65b75f2 | GET /api/v1/users/me | 401 | 1.81ms
2026-08-26 00:53:04,404 | INFO | finance_tracker.middleware | req=b54a6872 | GET /api/v1/users/me | 401 | 4.88ms
2026-08-26 00:53:04,450 | INFO | finance_tracker.middleware | req=43c12aab | PATCH /api/v1/users/me | 200 | 11.59ms
2026-08-26 00:53:04,513 | INFO | finance_tracker.middleware | req=5b5999f1 | PATCH /api/v1/users/me | 200 | 20.78ms
2026-08-26 00:53:04,563 | INFO | finance_tracker.middleware | req=889ac6cd | PATCH /api/v1/users/me | 200 | 12.53ms
2026-08-26 00:53:04,611 | INFO | finance_tracker.middleware | req=1f9c7c15 | PATCH /api/v1/users/me | 200 | 11.60ms
2026-08-26 00:53:04,656 | INFO | finance_tracker.middleware | req=c61f135f | PATCH /api/v1/users/me | 422 | 6.35ms
2026-08-26 00:53:04,691 | INFO | finance_tracker.middleware | req=8df081f4 | PATCH /api/v1/users/me | 422 | 5.36ms
2026-08-26 00:53:04,728 | INFO | finance_tracker.middleware | req=4531effc | PATCH /api/v1/users/me | 422 | 7.98ms
2026-08-26 00:53:04,744 | INFO | finance_tracker.middleware | req=50a56913 | PATCH /api/v1/users/me | 401 | 3.26ms
2026-08-26 00:53:04,806 | INFO | finance_tracker.middleware | req=7c9abaa2 | PATCH /api/v1/users/change-password | 200 | 26.85ms
2026-08-26 00:53:04,848 | INFO | finance_tracker.middleware | req=8b18b3d7 | PATCH /api/v1/users/change-password | 400 | 16.41ms
2026-08-26 00:53:04,886 | INFO | finance_tracker.middleware | req=e2dd1f6b | PATCH /api/v1/users/change-password | 422 | 6.01ms
2026-08-26 00:53:04,925 | INFO | finance_tracker.middleware | req=df013d9a | PATCH /api/v1/users/change-password | 422 | 7.33ms
2026-08-26 00:53:04,967 | INFO | finance_tracker.middleware | req=970ac596 | PATCH /api/v1/users/change-password | 422 | 8.25ms
2026-08-26 00:53:04,988 | INFO | finance_tracker.middleware | req=6c8820ea | PATCH /api/v1/users/change-password | 401 | 3.60ms
2026-08-26 00:53:05,032 | INFO | finance_tracker.middleware | req=4f93f9c6 | DELETE /api/v1/users/me | 200 | 8.32ms
2026-08-26 00:53:05,052 | INFO | finance_tracker.middleware | req=dc726304 | DELETE /api/v1/users/me | 401 | 4.01ms
2026-08-26 00:53:05,076 | INFO | finance_tracker.middleware | req=2760f2fb | DELETE /api/v1/users/me | 401 | 4.15ms
2026-08-26 00:53:11,681 | INFO | finance_tracker.Auth | req=3c531537 | Registration attempt: register@finora.com
2026-08-26 00:53:11,716 | INFO | finance_tracker.Auth | req=3c531537 | User registered successfully: user_id=1, email=register@finora.com
2026-08-26 00:53:11,718 | INFO | finance_tracker.middleware | req=3c531537 | POST /api/v1/auth/register | 201 | 41.57ms
2026-08-26 00:53:11,734 | INFO | finance_tracker.Auth | req=9f3c477f | Registration attempt: duplicate@finora.com
2026-08-26 00:53:11,747 | INFO | finance_tracker.Auth | req=9f3c477f | User registered successfully: user_id=1, email=duplicate@finora.com
2026-08-26 00:53:11,748 | INFO | finance_tracker.middleware | req=9f3c477f | POST /api/v1/auth/register | 201 | 17.07ms
2026-08-26 00:53:11,753 | INFO | finance_tracker.Auth | req=5ea46718 | Registration attempt: duplicate@finora.com
2026-08-26 00:53:11,754 | WARNING | finance_tracker.Auth | req=5ea46718 | Registration failed: email already exists (duplicate@finora.com)
2026-08-26 00:53:11,755 | INFO | finance_tracker.middleware | req=5ea46718 | POST /api/v1/auth/register | 400 | 4.04ms
2026-08-26 00:53:11,770 | INFO | finance_tracker.middleware | req=0c4e3998 | POST /api/v1/auth/register | 422 | 2.21ms
2026-08-26 00:53:11,783 | INFO | finance_tracker.middleware | req=522e22e3 | POST /api/v1/auth/register | 422 | 3.16ms
2026-08-26 00:53:11,799 | INFO | finance_tracker.middleware | req=61fd29a2 | POST /api/v1/auth/register | 422 | 2.99ms
2026-08-26 00:53:11,817 | INFO | finance_tracker.Auth | req=3125a8ec | Registration attempt: login@finora.com
2026-08-26 00:53:11,831 | INFO | finance_tracker.Auth | req=3125a8ec | User registered successfully: user_id=1, email=login@finora.com
2026-08-26 00:53:11,833 | INFO | finance_tracker.middleware | req=3125a8ec | POST /api/v1/auth/register | 201 | 18.70ms
2026-08-26 00:53:11,844 | INFO | finance_tracker.Auth | req=c910d644 | Login attempt: login@finora.com
2026-08-26 00:53:11,854 | INFO | finance_tracker.Auth | req=c910d644 | Login successful: user_id=1, email=login@finora.com
2026-08-26 00:53:11,855 | INFO | finance_tracker.middleware | req=c910d644 | POST /api/v1/auth/login | 200 | 18.37ms
2026-08-26 00:53:11,871 | INFO | finance_tracker.Auth | req=14da7475 | Registration attempt: wrong-password@finora.com
2026-08-26 00:53:11,887 | INFO | finance_tracker.Auth | req=14da7475 | User registered successfully: user_id=1, email=wrong-password@finora.com
2026-08-26 00:53:11,889 | INFO | finance_tracker.middleware | req=14da7475 | POST /api/v1/auth/register | 201 | 20.62ms
2026-08-26 00:53:11,899 | INFO | finance_tracker.Auth | req=945fa9bd | Login attempt: wrong-password@finora.com
2026-08-26 00:53:11,910 | WARNING | finance_tracker.Auth | req=945fa9bd | Login failed: wrong password (user_id=1, email=wrong-password@finora.com)
2026-08-26 00:53:11,911 | INFO | finance_tracker.middleware | req=945fa9bd | POST /api/v1/auth/login | 401 | 19.67ms
2026-08-26 00:53:11,936 | INFO | finance_tracker.Auth | req=41a59df4 | Login attempt: does-not-exist@finora.com
2026-08-26 00:53:11,938 | WARNING | finance_tracker.Auth | req=41a59df4 | Login failed: user not found (does-not-exist@finora.com)
2026-08-26 00:53:11,939 | INFO | finance_tracker.middleware | req=41a59df4 | POST /api/v1/auth/login | 401 | 13.01ms
2026-08-26 00:53:11,968 | INFO | finance_tracker.middleware | req=af894274 | POST /api/v1/auth/login | 422 | 9.06ms
2026-08-26 00:53:12,008 | INFO | finance_tracker.Auth | req=2870c067 | Profile accessed: user_id=1
2026-08-26 00:53:12,009 | INFO | finance_tracker.middleware | req=2870c067 | GET /api/v1/auth/me | 200 | 8.30ms
2026-08-26 00:53:12,025 | INFO | finance_tracker.middleware | req=2819bcfc | GET /api/v1/auth/me | 401 | 1.32ms
2026-08-26 00:53:12,045 | INFO | finance_tracker.middleware | req=14d8eb3e | GET /api/v1/auth/me | 401 | 3.05ms
2026-08-26 00:53:12,086 | INFO | finance_tracker.budgets | req=47e46672 | Budget create attempt: user_id=1, month=8, year=2026
2026-08-26 00:53:12,094 | INFO | finance_tracker.budgets | req=47e46672 | Budget created: budget_id=1, user_id=1
2026-08-26 00:53:12,095 | INFO | finance_tracker.middleware | req=47e46672 | POST /api/v1/budgets/ | 201 | 21.89ms
2026-08-26 00:53:12,110 | INFO | finance_tracker.middleware | req=c7d4e7a4 | POST /api/v1/budgets/ | 401 | 2.90ms
2026-08-26 00:53:12,152 | INFO | finance_tracker.budgets | req=ab4ddaa0 | Budget create attempt: user_id=1, month=8, year=2026
2026-08-26 00:53:12,157 | WARNING | finance_tracker.budgets | req=ab4ddaa0 | Invalid category in budget: user_id=1, category_id=1
2026-08-26 00:53:12,160 | INFO | finance_tracker.middleware | req=ab4ddaa0 | POST /api/v1/budgets/ | 404 | 15.11ms
2026-08-26 00:53:12,214 | INFO | finance_tracker.middleware | req=8e6cc114 | POST /api/v1/budgets/ | 422 | 15.83ms
2026-08-26 00:53:12,272 | INFO | finance_tracker.middleware | req=3ee71f43 | POST /api/v1/budgets/ | 422 | 10.41ms
2026-08-26 00:53:12,327 | INFO | finance_tracker.middleware | req=16be335f | POST /api/v1/budgets/ | 422 | 9.65ms
2026-08-26 00:53:12,369 | INFO | finance_tracker.budgets | req=8121467a | Budget create attempt: user_id=1, month=8, year=2026
2026-08-26 00:53:12,374 | INFO | finance_tracker.budgets | req=8121467a | Budget created: budget_id=1, user_id=1
2026-08-26 00:53:12,375 | INFO | finance_tracker.middleware | req=8121467a | POST /api/v1/budgets/ | 201 | 12.74ms
2026-08-26 00:53:12,384 | INFO | finance_tracker.budgets | req=90735e48 | Budget list requested: user_id=1, month=None, year=None
2026-08-26 00:53:12,387 | INFO | finance_tracker.budgets | req=90735e48 | Budget list returned: user_id=1, count=1
2026-08-26 00:53:12,388 | INFO | finance_tracker.middleware | req=90735e48 | GET /api/v1/budgets/ | 200 | 9.43ms
2026-08-26 00:53:12,424 | INFO | finance_tracker.budgets | req=0f54b4ff | Budget create attempt: user_id=1, month=8, year=2026
2026-08-26 00:53:12,428 | INFO | finance_tracker.budgets | req=0f54b4ff | Budget created: budget_id=1, user_id=1
2026-08-26 00:53:12,429 | INFO | finance_tracker.middleware | req=0f54b4ff | POST /api/v1/budgets/ | 201 | 12.74ms
2026-08-26 00:53:12,436 | INFO | finance_tracker.budgets | req=5174acd5 | Budget create attempt: user_id=1, month=9, year=2026
2026-08-26 00:53:12,439 | INFO | finance_tracker.budgets | req=5174acd5 | Budget created: budget_id=2, user_id=1
2026-08-26 00:53:12,440 | INFO | finance_tracker.middleware | req=5174acd5 | POST /api/v1/budgets/ | 201 | 8.50ms
2026-08-26 00:53:12,447 | INFO | finance_tracker.budgets | req=efc844a2 | Budget list requested: user_id=1, month=8, year=None
2026-08-26 00:53:12,451 | INFO | finance_tracker.budgets | req=efc844a2 | Budget list returned: user_id=1, count=1
2026-08-26 00:53:12,452 | INFO | finance_tracker.middleware | req=efc844a2 | GET /api/v1/budgets/ | 200 | 9.65ms
2026-08-26 00:53:12,488 | INFO | finance_tracker.budgets | req=695e5116 | Budget create attempt: user_id=1, month=8, year=2026
2026-08-26 00:53:12,494 | INFO | finance_tracker.budgets | req=695e5116 | Budget created: budget_id=1, user_id=1
2026-08-26 00:53:12,496 | INFO | finance_tracker.middleware | req=695e5116 | POST /api/v1/budgets/ | 201 | 15.53ms
2026-08-26 00:53:12,505 | INFO | finance_tracker.budgets | req=8cfbf30d | Budget create attempt: user_id=1, month=8, year=2027
2026-08-26 00:53:12,508 | INFO | finance_tracker.budgets | req=8cfbf30d | Budget created: budget_id=2, user_id=1
2026-08-26 00:53:12,510 | INFO | finance_tracker.middleware | req=8cfbf30d | POST /api/v1/budgets/ | 201 | 10.95ms
2026-08-26 00:53:12,519 | INFO | finance_tracker.budgets | req=3dd682d6 | Budget list requested: user_id=1, month=None, year=2026
2026-08-26 00:53:12,521 | INFO | finance_tracker.budgets | req=3dd682d6 | Budget list returned: user_id=1, count=1
2026-08-26 00:53:12,523 | INFO | finance_tracker.middleware | req=3dd682d6 | GET /api/v1/budgets/ | 200 | 8.86ms
2026-08-26 00:53:12,556 | INFO | finance_tracker.budgets | req=c97842ba | Budget create attempt: user_id=1, month=8, year=2026
2026-08-26 00:53:12,562 | INFO | finance_tracker.budgets | req=c97842ba | Budget created: budget_id=1, user_id=1
2026-08-26 00:53:12,563 | INFO | finance_tracker.middleware | req=c97842ba | POST /api/v1/budgets/ | 201 | 14.38ms
2026-08-26 00:53:12,572 | INFO | finance_tracker.budgets | req=9d0bea68 | Budget create attempt: user_id=1, month=8, year=2027
2026-08-26 00:53:12,575 | INFO | finance_tracker.budgets | req=9d0bea68 | Budget created: budget_id=2, user_id=1
2026-08-26 00:53:12,577 | INFO | finance_tracker.middleware | req=9d0bea68 | POST /api/v1/budgets/ | 201 | 10.18ms
2026-08-26 00:53:12,586 | INFO | finance_tracker.budgets | req=7a17a3cd | Budget create attempt: user_id=1, month=9, year=2026
2026-08-26 00:53:12,590 | INFO | finance_tracker.budgets | req=7a17a3cd | Budget created: budget_id=3, user_id=1
2026-08-26 00:53:12,591 | INFO | finance_tracker.middleware | req=7a17a3cd | POST /api/v1/budgets/ | 201 | 10.80ms
2026-08-26 00:53:12,599 | INFO | finance_tracker.budgets | req=d7fc254a | Budget list requested: user_id=1, month=8, year=2026
2026-08-26 00:53:12,600 | INFO | finance_tracker.budgets | req=d7fc254a | Budget list returned: user_id=1, count=1
2026-08-26 00:53:12,602 | INFO | finance_tracker.middleware | req=d7fc254a | GET /api/v1/budgets/ | 200 | 7.69ms
2026-08-26 00:53:12,616 | INFO | finance_tracker.middleware | req=31e1a873 | GET /api/v1/budgets/ | 401 | 2.45ms
2026-08-26 00:53:12,651 | INFO | finance_tracker.budgets | req=e3cdb48e | Current month budgets requested: user_id=1
2026-08-26 00:53:12,654 | INFO | finance_tracker.budgets | req=e3cdb48e | Current month budgets returned: user_id=1, count=0
2026-08-26 00:53:12,655 | INFO | finance_tracker.middleware | req=e3cdb48e | GET /api/v1/budgets/current-month | 200 | 9.03ms
2026-08-26 00:53:12,672 | INFO | finance_tracker.middleware | req=97312161 | GET /api/v1/budgets/current-month | 401 | 2.75ms
2026-08-26 00:53:12,706 | INFO | finance_tracker.budgets | req=0e914576 | Budget create attempt: user_id=1, month=8, year=2026
2026-08-26 00:53:12,710 | INFO | finance_tracker.budgets | req=0e914576 | Budget created: budget_id=1, user_id=1
2026-08-26 00:53:12,712 | INFO | finance_tracker.middleware | req=0e914576 | POST /api/v1/budgets/ | 201 | 10.46ms
2026-08-26 00:53:12,722 | INFO | finance_tracker.budgets | req=628ca6dc | Budget fetched: budget_id=1, user_id=1
2026-08-26 00:53:12,723 | INFO | finance_tracker.middleware | req=628ca6dc | GET /api/v1/budgets/1 | 200 | 8.20ms
2026-08-26 00:53:12,756 | WARNING | finance_tracker.budgets | req=c5076589 | Budget not found: budget_id=999999, user_id=1
2026-08-26 00:53:12,758 | INFO | finance_tracker.middleware | req=c5076589 | GET /api/v1/budgets/999999 | 404 | 7.07ms
2026-08-26 00:53:12,789 | INFO | finance_tracker.budgets | req=d8fd2c24 | Budget create attempt: user_id=1, month=8, year=2026
2026-08-26 00:53:12,793 | INFO | finance_tracker.budgets | req=d8fd2c24 | Budget created: budget_id=1, user_id=1
2026-08-26 00:53:12,794 | INFO | finance_tracker.middleware | req=d8fd2c24 | POST /api/v1/budgets/ | 201 | 10.42ms
2026-08-26 00:53:12,799 | INFO | finance_tracker.middleware | req=36b5e9c6 | GET /api/v1/budgets/1 | 401 | 2.42ms
2026-08-26 00:53:12,832 | INFO | finance_tracker.budgets | req=5f7d7d37 | Budget create attempt: user_id=1, month=8, year=2026
2026-08-26 00:53:12,836 | INFO | finance_tracker.budgets | req=5f7d7d37 | Budget created: budget_id=1, user_id=1
2026-08-26 00:53:12,837 | INFO | finance_tracker.middleware | req=5f7d7d37 | POST /api/v1/budgets/ | 201 | 12.01ms
2026-08-26 00:53:12,843 | INFO | finance_tracker.budgets | req=887fb5ae | Budget fetched: budget_id=1, user_id=1
2026-08-26 00:53:12,848 | INFO | finance_tracker.middleware | req=887fb5ae | GET /api/v1/budgets/status/1 | 200 | 8.52ms
2026-08-26 00:53:12,876 | WARNING | finance_tracker.budgets | req=41acf008 | Budget not found: budget_id=999999, user_id=1
2026-08-26 00:53:12,877 | INFO | finance_tracker.middleware | req=41acf008 | GET /api/v1/budgets/status/999999 | 404 | 5.62ms
2026-08-26 00:53:12,906 | INFO | finance_tracker.budgets | req=976ae8d0 | Budget create attempt: user_id=1, month=8, year=2026
2026-08-26 00:53:12,911 | INFO | finance_tracker.budgets | req=976ae8d0 | Budget created: budget_id=1, user_id=1
2026-08-26 00:53:12,913 | INFO | finance_tracker.middleware | req=976ae8d0 | POST /api/v1/budgets/ | 201 | 11.05ms
2026-08-26 00:53:12,921 | INFO | finance_tracker.budgets | req=a79dc7ff | Budget update attempt: budget_id=1, user_id=1
2026-08-26 00:53:12,923 | INFO | finance_tracker.budgets | req=a79dc7ff | Budget fetched: budget_id=1, user_id=1
2026-08-26 00:53:12,928 | INFO | finance_tracker.budgets | req=a79dc7ff | Budget updated: budget_id=1, user_id=1
2026-08-26 00:53:12,929 | INFO | finance_tracker.middleware | req=a79dc7ff | PUT /api/v1/budgets/1 | 200 | 13.13ms
2026-08-26 00:53:12,960 | INFO | finance_tracker.budgets | req=7185579a | Budget create attempt: user_id=1, month=8, year=2026
2026-08-26 00:53:12,964 | INFO | finance_tracker.budgets | req=7185579a | Budget created: budget_id=1, user_id=1
2026-08-26 00:53:12,966 | INFO | finance_tracker.middleware | req=7185579a | POST /api/v1/budgets/ | 201 | 10.56ms
2026-08-26 00:53:12,974 | INFO | finance_tracker.budgets | req=813312c3 | Budget update attempt: budget_id=1, user_id=1
2026-08-26 00:53:12,975 | INFO | finance_tracker.budgets | req=813312c3 | Budget fetched: budget_id=1, user_id=1
2026-08-26 00:53:12,979 | INFO | finance_tracker.budgets | req=813312c3 | Budget updated: budget_id=1, user_id=1
2026-08-26 00:53:12,980 | INFO | finance_tracker.middleware | req=813312c3 | PUT /api/v1/budgets/1 | 200 | 11.45ms
2026-08-26 00:53:13,012 | INFO | finance_tracker.budgets | req=e9595682 | Budget create attempt: user_id=1, month=8, year=2026
2026-08-26 00:53:13,018 | INFO | finance_tracker.budgets | req=e9595682 | Budget created: budget_id=1, user_id=1
2026-08-26 00:53:13,019 | INFO | finance_tracker.middleware | req=e9595682 | POST /api/v1/budgets/ | 201 | 12.91ms
2026-08-26 00:53:13,028 | INFO | finance_tracker.middleware | req=d6380d52 | PUT /api/v1/budgets/1 | 422 | 5.33ms
2026-08-26 00:53:13,064 | INFO | finance_tracker.budgets | req=f10931e1 | Budget update attempt: budget_id=999999, user_id=1
2026-08-26 00:53:13,066 | WARNING | finance_tracker.budgets | req=f10931e1 | Budget not found: budget_id=999999, user_id=1
2026-08-26 00:53:13,067 | INFO | finance_tracker.middleware | req=f10931e1 | PUT /api/v1/budgets/999999 | 404 | 7.52ms
2026-08-26 00:53:13,101 | INFO | finance_tracker.budgets | req=b50de28b | Budget create attempt: user_id=1, month=8, year=2026
2026-08-26 00:53:13,105 | INFO | finance_tracker.budgets | req=b50de28b | Budget created: budget_id=1, user_id=1
2026-08-26 00:53:13,107 | INFO | finance_tracker.middleware | req=b50de28b | POST /api/v1/budgets/ | 201 | 10.67ms
2026-08-26 00:53:13,114 | WARNING | finance_tracker.budgets | req=5e538397 | Budget delete attempt: budget_id=1, user_id=1
2026-08-26 00:53:13,115 | INFO | finance_tracker.budgets | req=5e538397 | Budget fetched: budget_id=1, user_id=1
2026-08-26 00:53:13,119 | WARNING | finance_tracker.budgets | req=5e538397 | Budget deleted: budget_id=1, user_id=1
2026-08-26 00:53:13,120 | INFO | finance_tracker.middleware | req=5e538397 | DELETE /api/v1/budgets/1 | 200 | 10.05ms
2026-08-26 00:53:13,127 | WARNING | finance_tracker.budgets | req=5d275732 | Budget not found: budget_id=1, user_id=1
2026-08-26 00:53:13,128 | INFO | finance_tracker.middleware | req=5d275732 | GET /api/v1/budgets/1 | 404 | 5.77ms
2026-08-26 00:53:13,159 | WARNING | finance_tracker.budgets | req=eec891d5 | Budget delete attempt: budget_id=999999, user_id=1
2026-08-26 00:53:13,160 | WARNING | finance_tracker.budgets | req=eec891d5 | Budget not found: budget_id=999999, user_id=1
2026-08-26 00:53:13,161 | INFO | finance_tracker.middleware | req=eec891d5 | DELETE /api/v1/budgets/999999 | 404 | 7.24ms
2026-08-26 00:53:13,177 | INFO | finance_tracker.middleware | req=6d7980b1 | DELETE /api/v1/budgets/999999 | 401 | 3.10ms
2026-08-26 00:53:13,212 | INFO | finance_tracker.categories | req=e733e37a | Category create attempt: user_id=1, name=Salary, type=TransactionType.INCOME
2026-08-26 00:53:13,221 | INFO | finance_tracker.categories | req=e733e37a | Category created: category_id=1, user_id=1
2026-08-26 00:53:13,222 | INFO | finance_tracker.middleware | req=e733e37a | POST /api/v1/categories/ | 201 | 16.68ms
2026-08-26 00:53:13,256 | INFO | finance_tracker.categories | req=242e8c51 | Category create attempt: user_id=1, name=Food, type=TransactionType.EXPENSE
2026-08-26 00:53:13,260 | INFO | finance_tracker.categories | req=242e8c51 | Category created: category_id=1, user_id=1
2026-08-26 00:53:13,261 | INFO | finance_tracker.middleware | req=242e8c51 | POST /api/v1/categories/ | 201 | 10.33ms
2026-08-26 00:53:13,280 | INFO | finance_tracker.middleware | req=f5767bf3 | POST /api/v1/categories/ | 401 | 3.32ms
2026-08-26 00:53:13,316 | INFO | finance_tracker.middleware | req=e6bfc86c | POST /api/v1/categories/ | 422 | 7.30ms
2026-08-26 00:53:13,351 | INFO | finance_tracker.middleware | req=f9ca739c | POST /api/v1/categories/ | 422 | 5.49ms
2026-08-26 00:53:13,384 | INFO | finance_tracker.middleware | req=c6eeeb7c | POST /api/v1/categories/ | 422 | 6.35ms
2026-08-26 00:53:13,421 | INFO | finance_tracker.middleware | req=d56d0e9d | POST /api/v1/categories/ | 422 | 7.15ms
2026-08-26 00:53:13,452 | INFO | finance_tracker.categories | req=581e94f0 | Category create attempt: user_id=1, name=Food, type=TransactionType.EXPENSE
2026-08-26 00:53:13,456 | INFO | finance_tracker.categories | req=581e94f0 | Category created: category_id=1, user_id=1
2026-08-26 00:53:13,457 | INFO | finance_tracker.middleware | req=581e94f0 | POST /api/v1/categories/ | 201 | 11.00ms
2026-08-26 00:53:13,465 | INFO | finance_tracker.categories | req=ad133a64 | Category list requested: user_id=1, type=None
2026-08-26 00:53:13,467 | INFO | finance_tracker.categories | req=ad133a64 | Category list returned: user_id=1, count=1
2026-08-26 00:53:13,469 | INFO | finance_tracker.middleware | req=ad133a64 | GET /api/v1/categories/ | 200 | 8.45ms
2026-08-26 00:53:13,487 | INFO | finance_tracker.middleware | req=0d06a5e8 | GET /api/v1/categories/ | 401 | 3.17ms
2026-08-26 00:53:13,527 | INFO | finance_tracker.categories | req=3338c2f3 | Category create attempt: user_id=1, name=Salary, type=TransactionType.INCOME
2026-08-26 00:53:13,531 | INFO | finance_tracker.categories | req=3338c2f3 | Category created: category_id=1, user_id=1
2026-08-26 00:53:13,533 | INFO | finance_tracker.middleware | req=3338c2f3 | POST /api/v1/categories/ | 201 | 11.45ms
2026-08-26 00:53:13,540 | INFO | finance_tracker.categories | req=00a8fb80 | Category create attempt: user_id=1, name=Food, type=TransactionType.EXPENSE
2026-08-26 00:53:13,543 | INFO | finance_tracker.categories | req=00a8fb80 | Category created: category_id=2, user_id=1
2026-08-26 00:53:13,544 | INFO | finance_tracker.middleware | req=00a8fb80 | POST /api/v1/categories/ | 201 | 8.10ms
2026-08-26 00:53:13,549 | INFO | finance_tracker.categories | req=a72b75c6 | Category list requested: user_id=1, type=TransactionType.INCOME
2026-08-26 00:53:13,551 | INFO | finance_tracker.categories | req=a72b75c6 | Category list returned: user_id=1, count=1
2026-08-26 00:53:13,551 | INFO | finance_tracker.middleware | req=a72b75c6 | GET /api/v1/categories/ | 200 | 6.05ms
2026-08-26 00:53:13,579 | INFO | finance_tracker.categories | req=3f1bf764 | Category create attempt: user_id=1, name=Salary, type=TransactionType.INCOME
2026-08-26 00:53:13,583 | INFO | finance_tracker.categories | req=3f1bf764 | Category created: category_id=1, user_id=1
2026-08-26 00:53:13,584 | INFO | finance_tracker.middleware | req=3f1bf764 | POST /api/v1/categories/ | 201 | 10.33ms
2026-08-26 00:53:13,591 | INFO | finance_tracker.categories | req=bc4e4046 | Category create attempt: user_id=1, name=Food, type=TransactionType.EXPENSE
2026-08-26 00:53:13,594 | INFO | finance_tracker.categories | req=bc4e4046 | Category created: category_id=2, user_id=1
2026-08-26 00:53:13,595 | INFO | finance_tracker.middleware | req=bc4e4046 | POST /api/v1/categories/ | 201 | 7.89ms
2026-08-26 00:53:13,601 | INFO | finance_tracker.categories | req=746f8467 | Category list requested: user_id=1, type=TransactionType.EXPENSE
2026-08-26 00:53:13,602 | INFO | finance_tracker.categories | req=746f8467 | Category list returned: user_id=1, count=1
2026-08-26 00:53:13,603 | INFO | finance_tracker.middleware | req=746f8467 | GET /api/v1/categories/ | 200 | 5.79ms
2026-08-26 00:53:13,636 | INFO | finance_tracker.categories | req=c1f58334 | Category create attempt: user_id=1, name=Food, type=TransactionType.EXPENSE
2026-08-26 00:53:13,640 | INFO | finance_tracker.categories | req=c1f58334 | Category created: category_id=1, user_id=1
2026-08-26 00:53:13,641 | INFO | finance_tracker.middleware | req=c1f58334 | POST /api/v1/categories/ | 201 | 12.55ms
2026-08-26 00:53:13,648 | INFO | finance_tracker.categories | req=6e51d633 | Category fetched: category_id=1, user_id=1
2026-08-26 00:53:13,650 | INFO | finance_tracker.middleware | req=6e51d633 | GET /api/v1/categories/1 | 200 | 5.73ms
2026-08-26 00:53:13,679 | INFO | finance_tracker.categories | req=52778afd | Category create attempt: user_id=1, name=Food, type=TransactionType.EXPENSE
2026-08-26 00:53:13,685 | INFO | finance_tracker.categories | req=52778afd | Category created: category_id=1, user_id=1
2026-08-26 00:53:13,686 | INFO | finance_tracker.middleware | req=52778afd | POST /api/v1/categories/ | 201 | 12.14ms
2026-08-26 00:53:13,691 | INFO | finance_tracker.middleware | req=9e09da92 | GET /api/v1/categories/1 | 401 | 2.20ms
2026-08-26 00:53:13,723 | WARNING | finance_tracker.categories | req=2a0aebe0 | Category not found: category_id=999999, user_id=1
2026-08-26 00:53:13,724 | INFO | finance_tracker.middleware | req=2a0aebe0 | GET /api/v1/categories/999999 | 404 | 6.81ms
2026-08-26 00:53:13,757 | INFO | finance_tracker.categories | req=389a303e | Category create attempt: user_id=1, name=Old Name, type=TransactionType.EXPENSE
2026-08-26 00:53:13,761 | INFO | finance_tracker.categories | req=389a303e | Category created: category_id=1, user_id=1
2026-08-26 00:53:13,763 | INFO | finance_tracker.middleware | req=389a303e | POST /api/v1/categories/ | 201 | 12.15ms
2026-08-26 00:53:13,769 | INFO | finance_tracker.categories | req=70608b0f | Category update attempt: category_id=1, user_id=1
2026-08-26 00:53:13,770 | INFO | finance_tracker.categories | req=70608b0f | Category fetched: category_id=1, user_id=1
2026-08-26 00:53:13,774 | INFO | finance_tracker.categories | req=70608b0f | Category updated: category_id=1, user_id=1
2026-08-26 00:53:13,775 | INFO | finance_tracker.middleware | req=70608b0f | PUT /api/v1/categories/1 | 200 | 10.30ms
2026-08-26 00:53:13,806 | INFO | finance_tracker.categories | req=ebc81658 | Category create attempt: user_id=1, name=Adjustable Category, type=TransactionType.EXPENSE
2026-08-26 00:53:13,810 | INFO | finance_tracker.categories | req=ebc81658 | Category created: category_id=1, user_id=1
2026-08-26 00:53:13,811 | INFO | finance_tracker.middleware | req=ebc81658 | POST /api/v1/categories/ | 201 | 10.97ms
2026-08-26 00:53:13,819 | INFO | finance_tracker.categories | req=80c6cb6f | Category update attempt: category_id=1, user_id=1
2026-08-26 00:53:13,821 | INFO | finance_tracker.categories | req=80c6cb6f | Category fetched: category_id=1, user_id=1
2026-08-26 00:53:13,825 | INFO | finance_tracker.categories | req=80c6cb6f | Category updated: category_id=1, user_id=1
2026-08-26 00:53:13,826 | INFO | finance_tracker.middleware | req=80c6cb6f | PUT /api/v1/categories/1 | 200 | 11.25ms
2026-08-26 00:53:13,857 | INFO | finance_tracker.categories | req=1d11534e | Category create attempt: user_id=1, name=Food, type=TransactionType.EXPENSE
2026-08-26 00:53:13,861 | INFO | finance_tracker.categories | req=1d11534e | Category created: category_id=1, user_id=1
2026-08-26 00:53:13,862 | INFO | finance_tracker.middleware | req=1d11534e | POST /api/v1/categories/ | 201 | 8.97ms
2026-08-26 00:53:13,868 | INFO | finance_tracker.middleware | req=ae17de68 | PUT /api/v1/categories/1 | 422 | 4.55ms
2026-08-26 00:53:13,900 | INFO | finance_tracker.categories | req=2da645fb | Category update attempt: category_id=999999, user_id=1
2026-08-26 00:53:13,902 | WARNING | finance_tracker.categories | req=2da645fb | Category not found: category_id=999999, user_id=1
2026-08-26 00:53:13,903 | INFO | finance_tracker.middleware | req=2da645fb | PUT /api/v1/categories/999999 | 404 | 8.53ms
2026-08-26 00:53:13,937 | INFO | finance_tracker.categories | req=635ebfc9 | Category create attempt: user_id=1, name=Food, type=TransactionType.EXPENSE
2026-08-26 00:53:13,940 | INFO | finance_tracker.categories | req=635ebfc9 | Category created: category_id=1, user_id=1
2026-08-26 00:53:13,941 | INFO | finance_tracker.middleware | req=635ebfc9 | POST /api/v1/categories/ | 201 | 9.78ms
2026-08-26 00:53:13,948 | WARNING | finance_tracker.categories | req=5ae9e9a9 | Category delete attempt: category_id=1, user_id=1
2026-08-26 00:53:13,949 | INFO | finance_tracker.categories | req=5ae9e9a9 | Category fetched: category_id=1, user_id=1
2026-08-26 00:53:13,955 | WARNING | finance_tracker.categories | req=5ae9e9a9 | Category deleted: category_id=1, user_id=1
2026-08-26 00:53:13,956 | INFO | finance_tracker.middleware | req=5ae9e9a9 | DELETE /api/v1/categories/1 | 200 | 11.90ms
2026-08-26 00:53:13,963 | WARNING | finance_tracker.categories | req=d7d4286d | Category not found: category_id=1, user_id=1
2026-08-26 00:53:13,964 | INFO | finance_tracker.middleware | req=d7d4286d | GET /api/v1/categories/1 | 404 | 5.17ms
2026-08-26 00:53:13,991 | WARNING | finance_tracker.categories | req=e2ee517b | Category delete attempt: category_id=999999, user_id=1
2026-08-26 00:53:13,993 | WARNING | finance_tracker.categories | req=e2ee517b | Category not found: category_id=999999, user_id=1
2026-08-26 00:53:13,994 | INFO | finance_tracker.middleware | req=e2ee517b | DELETE /api/v1/categories/999999 | 404 | 6.85ms
2026-08-26 00:53:14,010 | INFO | finance_tracker.middleware | req=fd2942a0 | DELETE /api/v1/categories/999999 | 401 | 2.93ms
2026-08-26 00:53:14,046 | INFO | finance_tracker.dashboard | req=9e504976 | Dashboard summary requested: user_id=1
2026-08-26 00:53:14,060 | INFO | finance_tracker.dashboard | req=9e504976 | Dashboard summary generated: user_id=1
2026-08-26 00:53:14,061 | INFO | finance_tracker.middleware | req=9e504976 | GET /api/v1/dashboard/summary | 200 | 20.43ms
2026-08-26 00:53:14,092 | INFO | finance_tracker.dashboard | req=a13db89b | Dashboard summary requested: user_id=1
2026-08-26 00:53:14,095 | INFO | finance_tracker.dashboard | req=a13db89b | Dashboard summary generated: user_id=1
2026-08-26 00:53:14,096 | INFO | finance_tracker.middleware | req=a13db89b | GET /api/v1/dashboard/summary | 200 | 8.36ms
2026-08-26 00:53:14,128 | INFO | finance_tracker.middleware | req=92684c45 | GET /api/v1/dashboard/summary | 422 | 5.73ms
2026-08-26 00:53:14,161 | INFO | finance_tracker.middleware | req=98477a84 | GET /api/v1/dashboard/summary | 422 | 5.37ms
2026-08-26 00:53:14,179 | INFO | finance_tracker.middleware | req=ed2aa0e0 | GET /api/v1/dashboard/summary | 401 | 3.06ms
2026-08-26 00:53:14,214 | INFO | finance_tracker.dashboard | req=ed3dbac9 | Monthly trend requested: user_id=1
2026-08-26 00:53:14,218 | INFO | finance_tracker.dashboard | req=ed3dbac9 | Monthly trend generated: user_id=1
2026-08-26 00:53:14,219 | INFO | finance_tracker.middleware | req=ed3dbac9 | GET /api/v1/dashboard/monthly-trend | 200 | 11.03ms
2026-08-26 00:53:14,257 | INFO | finance_tracker.dashboard | req=3a779656 | Monthly trend requested: user_id=1
2026-08-26 00:53:14,259 | INFO | finance_tracker.dashboard | req=3a779656 | Monthly trend generated: user_id=1
2026-08-26 00:53:14,260 | INFO | finance_tracker.middleware | req=3a779656 | GET /api/v1/dashboard/monthly-trend | 200 | 10.04ms
2026-08-26 00:53:14,293 | INFO | finance_tracker.middleware | req=243593c5 | GET /api/v1/dashboard/monthly-trend | 422 | 4.74ms
2026-08-26 00:53:14,309 | INFO | finance_tracker.middleware | req=e5f6ce74 | GET /api/v1/dashboard/monthly-trend | 401 | 3.08ms
2026-08-26 00:53:14,346 | INFO | finance_tracker.dashboard | req=e4deeebf | Category breakdown requested: user_id=1
2026-08-26 00:53:14,351 | INFO | finance_tracker.dashboard | req=e4deeebf | Category breakdown generated: user_id=1
2026-08-26 00:53:14,351 | INFO | finance_tracker.middleware | req=e4deeebf | GET /api/v1/dashboard/category-breakdown | 200 | 10.43ms
2026-08-26 00:53:14,385 | INFO | finance_tracker.dashboard | req=99eacae2 | Category breakdown requested: user_id=1
2026-08-26 00:53:14,387 | INFO | finance_tracker.dashboard | req=99eacae2 | Category breakdown generated: user_id=1
2026-08-26 00:53:14,388 | INFO | finance_tracker.middleware | req=99eacae2 | GET /api/v1/dashboard/category-breakdown | 200 | 7.66ms
2026-08-26 00:53:14,423 | INFO | finance_tracker.middleware | req=77912229 | GET /api/v1/dashboard/category-breakdown | 422 | 8.97ms
2026-08-26 00:53:14,477 | INFO | finance_tracker.middleware | req=6b8c3bba | GET /api/v1/dashboard/category-breakdown | 422 | 10.73ms
2026-08-26 00:53:14,505 | INFO | finance_tracker.middleware | req=d673ac02 | GET /api/v1/dashboard/category-breakdown | 401 | 4.59ms
2026-08-26 00:53:14,560 | INFO | finance_tracker.middleware | req=1ab49510 | GET /api/v1/dashboard/status | 200 | 9.86ms
2026-08-26 00:53:14,604 | INFO | finance_tracker.middleware | req=da5f10e5 | GET /api/v1/dashboard/status | 422 | 5.81ms
2026-08-26 00:53:14,642 | INFO | finance_tracker.middleware | req=29e426aa | GET /api/v1/dashboard/status | 422 | 6.50ms
2026-08-26 00:53:14,681 | INFO | finance_tracker.middleware | req=6b99dc91 | GET /api/v1/dashboard/status | 422 | 5.68ms
2026-08-26 00:53:14,717 | INFO | finance_tracker.middleware | req=e346a209 | GET /api/v1/dashboard/status | 422 | 6.34ms
2026-08-26 00:53:14,740 | INFO | finance_tracker.middleware | req=515cdb98 | GET /api/v1/dashboard/status | 401 | 3.02ms
2026-08-26 00:53:14,792 | INFO | finance_tracker.dashboard | req=6cfcfbfa | Recent transactions requested: user_id=1, limit=5
2026-08-26 00:53:14,795 | INFO | finance_tracker.dashboard | req=6cfcfbfa | Recent transactions returned: user_id=1, count=0
2026-08-26 00:53:14,796 | INFO | finance_tracker.middleware | req=6cfcfbfa | GET /api/v1/dashboard/recent-transactions | 200 | 10.46ms
2026-08-26 00:53:14,831 | INFO | finance_tracker.dashboard | req=6a29fb9b | Recent transactions requested: user_id=1, limit=10
2026-08-26 00:53:14,833 | INFO | finance_tracker.dashboard | req=6a29fb9b | Recent transactions returned: user_id=1, count=0
2026-08-26 00:53:14,834 | INFO | finance_tracker.middleware | req=6a29fb9b | GET /api/v1/dashboard/recent-transactions | 200 | 7.79ms
2026-08-26 00:53:14,868 | INFO | finance_tracker.middleware | req=cb9646f5 | GET /api/v1/dashboard/recent-transactions | 422 | 5.21ms
2026-08-26 00:53:14,903 | INFO | finance_tracker.middleware | req=76a6b9b7 | GET /api/v1/dashboard/recent-transactions | 422 | 5.74ms
2026-08-26 00:53:14,932 | INFO | finance_tracker.middleware | req=8ff868ad | GET /api/v1/dashboard/recent-transactions | 422 | 5.00ms
2026-08-26 00:53:14,948 | INFO | finance_tracker.middleware | req=016b78bb | GET /api/v1/dashboard/recent-transactions | 401 | 2.53ms
2026-08-26 00:53:14,983 | INFO | finance_tracker.transactions | req=acc636c7 | Transaction create attempt: user_id=1, amount=50000.0, type=TransactionType.INCOME
2026-08-26 00:53:14,990 | INFO | finance_tracker.transactions | req=acc636c7 | Transaction created: txn_id=1, user_id=1
2026-08-26 00:53:14,992 | INFO | finance_tracker.middleware | req=acc636c7 | POST /api/v1/transactions | 201 | 15.56ms
2026-08-26 00:53:14,998 | INFO | finance_tracker.transactions | req=79dfbdf1 | Transaction create attempt: user_id=1, amount=5000.0, type=TransactionType.EXPENSE
2026-08-26 00:53:15,001 | INFO | finance_tracker.transactions | req=79dfbdf1 | Transaction created: txn_id=2, user_id=1
2026-08-26 00:53:15,002 | INFO | finance_tracker.middleware | req=79dfbdf1 | POST /api/v1/transactions | 201 | 7.72ms
2026-08-26 00:53:15,012 | INFO | finance_tracker.middleware | req=24917c5d | GET /api/v1/reports/cash-flow | 200 | 7.24ms
2026-08-26 00:53:15,027 | INFO | finance_tracker.middleware | req=ab7d28a8 | GET /api/v1/reports/cash-flow | 401 | 2.38ms
2026-08-26 00:53:15,058 | INFO | finance_tracker.middleware | req=18e14315 | GET /api/v1/reports/cash-flow | 422 | 4.57ms
2026-08-26 00:53:15,088 | INFO | finance_tracker.middleware | req=5bf6c756 | GET /api/v1/reports/cash-flow | 422 | 4.79ms
2026-08-26 00:53:15,121 | INFO | finance_tracker.middleware | req=8497bdfb | GET /api/v1/reports/cash-flow | 422 | 5.15ms
2026-08-26 00:53:15,159 | INFO | finance_tracker.transactions | req=1163d690 | Transaction create attempt: user_id=1, amount=5000.0, type=TransactionType.EXPENSE
2026-08-26 00:53:15,163 | INFO | finance_tracker.transactions | req=1163d690 | Transaction created: txn_id=1, user_id=1
2026-08-26 00:53:15,164 | INFO | finance_tracker.middleware | req=1163d690 | POST /api/v1/transactions | 201 | 11.34ms
2026-08-26 00:53:15,174 | INFO | finance_tracker.middleware | req=1748bf15 | GET /api/v1/reports/category-analysis | 200 | 6.38ms
2026-08-26 00:53:15,191 | INFO | finance_tracker.middleware | req=ac3e09c4 | GET /api/v1/reports/category-analysis | 401 | 2.81ms
2026-08-26 00:53:15,226 | INFO | finance_tracker.middleware | req=bb681455 | GET /api/v1/reports/category-analysis | 422 | 6.56ms
2026-08-26 00:53:15,259 | INFO | finance_tracker.middleware | req=491c6ccd | GET /api/v1/reports/category-analysis | 422 | 5.42ms
2026-08-26 00:53:15,292 | INFO | finance_tracker.middleware | req=7dc83684 | GET /api/v1/reports/category-analysis | 422 | 5.14ms
2026-08-26 00:53:15,326 | INFO | finance_tracker.middleware | req=e8e7ebbc | GET /api/v1/reports/category-analysis | 422 | 5.20ms
2026-08-26 00:53:15,360 | INFO | finance_tracker.transactions | req=3eb3355a | Transaction create attempt: user_id=1, amount=50000.0, type=TransactionType.INCOME
2026-08-26 00:53:15,364 | INFO | finance_tracker.transactions | req=3eb3355a | Transaction created: txn_id=1, user_id=1
2026-08-26 00:53:15,366 | INFO | finance_tracker.middleware | req=3eb3355a | POST /api/v1/transactions | 201 | 11.27ms
2026-08-26 00:53:15,374 | INFO | finance_tracker.transactions | req=e695b61b | Transaction create attempt: user_id=1, amount=5000.0, type=TransactionType.EXPENSE
2026-08-26 00:53:15,377 | INFO | finance_tracker.transactions | req=e695b61b | Transaction created: txn_id=2, user_id=1
2026-08-26 00:53:15,379 | INFO | finance_tracker.middleware | req=e695b61b | POST /api/v1/transactions | 201 | 9.20ms
2026-08-26 00:53:15,388 | INFO | finance_tracker.middleware | req=5bc848a6 | GET /api/v1/reports/income-vs-expense | 200 | 6.04ms
2026-08-26 00:53:15,403 | INFO | finance_tracker.middleware | req=38e0dd01 | GET /api/v1/reports/income-vs-expense | 401 | 2.81ms
2026-08-26 00:53:15,432 | INFO | finance_tracker.middleware | req=846029d6 | GET /api/v1/reports/income-vs-expense | 422 | 5.78ms
2026-08-26 00:53:15,461 | INFO | finance_tracker.middleware | req=41865516 | GET /api/v1/reports/income-vs-expense | 422 | 4.83ms
2026-08-26 00:53:15,490 | INFO | finance_tracker.budgets | req=82c7c1da | Budget create attempt: user_id=1, month=8, year=2026
2026-08-26 00:53:15,495 | INFO | finance_tracker.budgets | req=82c7c1da | Budget created: budget_id=1, user_id=1
2026-08-26 00:53:15,496 | INFO | finance_tracker.middleware | req=82c7c1da | POST /api/v1/budgets/ | 201 | 10.55ms
2026-08-26 00:53:15,504 | INFO | finance_tracker.transactions | req=ae934aa2 | Transaction create attempt: user_id=1, amount=5000.0, type=TransactionType.EXPENSE
2026-08-26 00:53:15,507 | INFO | finance_tracker.transactions | req=ae934aa2 | Transaction created: txn_id=1, user_id=1
2026-08-26 00:53:15,508 | INFO | finance_tracker.middleware | req=ae934aa2 | POST /api/v1/transactions | 201 | 8.60ms
2026-08-26 00:53:15,517 | INFO | finance_tracker.middleware | req=6bb9d102 | GET /api/v1/reports/budget-performance | 200 | 6.35ms
2026-08-26 00:53:15,533 | INFO | finance_tracker.middleware | req=9e1adde8 | GET /api/v1/reports/budget-performance | 401 | 2.79ms
2026-08-26 00:53:15,566 | INFO | finance_tracker.middleware | req=c2101a10 | GET /api/v1/reports/budget-performance | 422 | 4.58ms
2026-08-26 00:53:15,598 | INFO | finance_tracker.middleware | req=639b5ebe | GET /api/v1/reports/budget-performance | 422 | 6.02ms
2026-08-26 00:53:15,640 | INFO | finance_tracker.middleware | req=9b06b677 | GET /api/v1/reports/budget-performance | 422 | 9.44ms
2026-08-26 00:53:15,680 | INFO | finance_tracker.middleware | req=9445cad5 | GET /api/v1/reports/budget-performance | 422 | 5.97ms
2026-08-26 00:53:15,715 | INFO | finance_tracker.transactions | req=90860df2 | Transaction create attempt: user_id=1, amount=500.0, type=TransactionType.EXPENSE
2026-08-26 00:53:15,719 | INFO | finance_tracker.transactions | req=90860df2 | Transaction created: txn_id=1, user_id=1
2026-08-26 00:53:15,720 | INFO | finance_tracker.middleware | req=90860df2 | POST /api/v1/transactions | 201 | 10.43ms
2026-08-26 00:53:15,755 | INFO | finance_tracker.transactions | req=39498bab | Transaction create attempt: user_id=1, amount=50000.0, type=TransactionType.INCOME
2026-08-26 00:53:15,758 | INFO | finance_tracker.transactions | req=39498bab | Transaction created: txn_id=1, user_id=1
2026-08-26 00:53:15,759 | INFO | finance_tracker.middleware | req=39498bab | POST /api/v1/transactions | 201 | 9.72ms
2026-08-26 00:53:15,775 | INFO | finance_tracker.middleware | req=9b366686 | POST /api/v1/transactions | 401 | 3.30ms
2026-08-26 00:53:15,809 | INFO | finance_tracker.middleware | req=e930e54f | POST /api/v1/transactions | 422 | 5.05ms
2026-08-26 00:53:15,845 | INFO | finance_tracker.middleware | req=a406f78b | POST /api/v1/transactions | 422 | 7.25ms
2026-08-26 00:53:15,881 | INFO | finance_tracker.middleware | req=9b57303c | POST /api/v1/transactions | 422 | 5.99ms
2026-08-26 00:53:15,914 | INFO | finance_tracker.middleware | req=3e301275 | POST /api/v1/transactions | 422 | 5.41ms
2026-08-26 00:53:15,944 | INFO | finance_tracker.middleware | req=dc2ef52a | POST /api/v1/transactions | 422 | 5.43ms
2026-08-26 00:53:15,977 | INFO | finance_tracker.middleware | req=286b4ea4 | POST /api/v1/transactions | 422 | 6.39ms
2026-08-26 00:53:16,009 | INFO | finance_tracker.middleware | req=32a633eb | POST /api/v1/transactions | 422 | 5.47ms
2026-08-26 00:53:16,043 | INFO | finance_tracker.transactions | req=a1cd1655 | Transaction create attempt: user_id=1, amount=500.0, type=TransactionType.EXPENSE
2026-08-26 00:53:16,047 | INFO | finance_tracker.transactions | req=a1cd1655 | Transaction created: txn_id=1, user_id=1
2026-08-26 00:53:16,048 | INFO | finance_tracker.middleware | req=a1cd1655 | POST /api/v1/transactions | 201 | 10.53ms
2026-08-26 00:53:16,057 | INFO | finance_tracker.transactions | req=3689572a | Transaction list requested: user_id=1, page=1, limit=20
2026-08-26 00:53:16,059 | INFO | finance_tracker.transactions | req=3689572a | Transaction list returned: user_id=1, count=1
2026-08-26 00:53:16,060 | INFO | finance_tracker.middleware | req=3689572a | GET /api/v1/transactions | 200 | 8.92ms
2026-08-26 00:53:16,076 | INFO | finance_tracker.middleware | req=f9301c3b | GET /api/v1/transactions | 401 | 2.75ms
2026-08-26 00:53:16,112 | INFO | finance_tracker.transactions | req=4156f0aa | Transaction create attempt: user_id=1, amount=100.0, type=TransactionType.EXPENSE
2026-08-26 00:53:16,116 | INFO | finance_tracker.transactions | req=4156f0aa | Transaction created: txn_id=1, user_id=1
2026-08-26 00:53:16,118 | INFO | finance_tracker.middleware | req=4156f0aa | POST /api/v1/transactions | 201 | 10.84ms
2026-08-26 00:53:16,124 | INFO | finance_tracker.transactions | req=072b319e | Transaction create attempt: user_id=1, amount=101.0, type=TransactionType.EXPENSE
2026-08-26 00:53:16,127 | INFO | finance_tracker.transactions | req=072b319e | Transaction created: txn_id=2, user_id=1
2026-08-26 00:53:16,128 | INFO | finance_tracker.middleware | req=072b319e | POST /api/v1/transactions | 201 | 7.58ms
2026-08-26 00:53:16,135 | INFO | finance_tracker.transactions | req=ebdc0d3f | Transaction create attempt: user_id=1, amount=102.0, type=TransactionType.EXPENSE
2026-08-26 00:53:16,137 | INFO | finance_tracker.transactions | req=ebdc0d3f | Transaction created: txn_id=3, user_id=1
2026-08-26 00:53:16,138 | INFO | finance_tracker.middleware | req=ebdc0d3f | POST /api/v1/transactions | 201 | 7.72ms
2026-08-26 00:53:16,144 | INFO | finance_tracker.transactions | req=419c8e03 | Transaction list requested: user_id=1, page=1, limit=2
2026-08-26 00:53:16,146 | INFO | finance_tracker.transactions | req=419c8e03 | Transaction list returned: user_id=1, count=2
2026-08-26 00:53:16,147 | INFO | finance_tracker.middleware | req=419c8e03 | GET /api/v1/transactions | 200 | 6.21ms
2026-08-26 00:53:16,176 | INFO | finance_tracker.middleware | req=a3ef9b32 | GET /api/v1/transactions | 422 | 5.17ms
2026-08-26 00:53:16,209 | INFO | finance_tracker.middleware | req=507a3180 | GET /api/v1/transactions | 422 | 6.68ms
2026-08-26 00:53:16,245 | INFO | finance_tracker.transactions | req=d8363702 | Transaction create attempt: user_id=1, amount=500.0, type=TransactionType.EXPENSE
2026-08-26 00:53:16,248 | INFO | finance_tracker.transactions | req=d8363702 | Transaction created: txn_id=1, user_id=1
2026-08-26 00:53:16,249 | INFO | finance_tracker.middleware | req=d8363702 | POST /api/v1/transactions | 201 | 9.63ms
2026-08-26 00:53:16,256 | INFO | finance_tracker.transactions | req=ee26b0fd | Transaction create attempt: user_id=1, amount=50000.0, type=TransactionType.INCOME
2026-08-26 00:53:16,259 | INFO | finance_tracker.transactions | req=ee26b0fd | Transaction created: txn_id=2, user_id=1
2026-08-26 00:53:16,260 | INFO | finance_tracker.middleware | req=ee26b0fd | POST /api/v1/transactions | 201 | 7.94ms
2026-08-26 00:53:16,266 | INFO | finance_tracker.transactions | req=300f577b | Transaction list requested: user_id=1, page=1, limit=20
2026-08-26 00:53:16,269 | INFO | finance_tracker.transactions | req=300f577b | Transaction list returned: user_id=1, count=1
2026-08-26 00:53:16,270 | INFO | finance_tracker.middleware | req=300f577b | GET /api/v1/transactions | 200 | 7.48ms
2026-08-26 00:53:16,299 | INFO | finance_tracker.transactions | req=67e28ce8 | Transaction create attempt: user_id=1, amount=250.0, type=TransactionType.EXPENSE
2026-08-26 00:53:16,302 | INFO | finance_tracker.transactions | req=67e28ce8 | Transaction created: txn_id=1, user_id=1
2026-08-26 00:53:16,303 | INFO | finance_tracker.middleware | req=67e28ce8 | POST /api/v1/transactions | 201 | 8.83ms
2026-08-26 00:53:16,309 | INFO | finance_tracker.transactions | req=9db175c6 | Transaction create attempt: user_id=1, amount=100.0, type=TransactionType.EXPENSE
2026-08-26 00:53:16,312 | INFO | finance_tracker.transactions | req=9db175c6 | Transaction created: txn_id=2, user_id=1
2026-08-26 00:53:16,313 | INFO | finance_tracker.middleware | req=9db175c6 | POST /api/v1/transactions | 201 | 7.37ms
2026-08-26 00:53:16,319 | INFO | finance_tracker.transactions | req=da7d5810 | Transaction list requested: user_id=1, page=1, limit=20
2026-08-26 00:53:16,321 | INFO | finance_tracker.transactions | req=da7d5810 | Transaction list returned: user_id=1, count=1
2026-08-26 00:53:16,322 | INFO | finance_tracker.middleware | req=da7d5810 | GET /api/v1/transactions | 200 | 7.03ms
2026-08-26 00:53:16,348 | INFO | finance_tracker.transactions | req=1028c0c7 | Transaction create attempt: user_id=1, amount=500.0, type=TransactionType.EXPENSE
2026-08-26 00:53:16,351 | INFO | finance_tracker.transactions | req=1028c0c7 | Transaction created: txn_id=1, user_id=1
2026-08-26 00:53:16,352 | INFO | finance_tracker.middleware | req=1028c0c7 | POST /api/v1/transactions | 201 | 7.43ms
2026-08-26 00:53:16,360 | INFO | finance_tracker.transactions | req=ae746d25 | Transaction create attempt: user_id=1, amount=500.0, type=TransactionType.EXPENSE
2026-08-26 00:53:16,363 | INFO | finance_tracker.transactions | req=ae746d25 | Transaction created: txn_id=2, user_id=1
2026-08-26 00:53:16,364 | INFO | finance_tracker.middleware | req=ae746d25 | POST /api/v1/transactions | 201 | 9.55ms
2026-08-26 00:53:16,371 | INFO | finance_tracker.transactions | req=eb988bcd | Transaction list requested: user_id=1, page=1, limit=20
2026-08-26 00:53:16,374 | INFO | finance_tracker.transactions | req=eb988bcd | Transaction list returned: user_id=1, count=1
2026-08-26 00:53:16,375 | INFO | finance_tracker.middleware | req=eb988bcd | GET /api/v1/transactions | 200 | 7.90ms
2026-08-26 00:53:16,406 | INFO | finance_tracker.transactions | req=422bbb27 | Transaction create attempt: user_id=1, amount=500.0, type=TransactionType.EXPENSE
2026-08-26 00:53:16,409 | INFO | finance_tracker.transactions | req=422bbb27 | Transaction created: txn_id=1, user_id=1
2026-08-26 00:53:16,410 | INFO | finance_tracker.middleware | req=422bbb27 | POST /api/v1/transactions | 201 | 9.59ms
2026-08-26 00:53:16,417 | INFO | finance_tracker.transactions | req=67a1616e | Transaction list requested: user_id=1, page=1, limit=20
2026-08-26 00:53:16,419 | INFO | finance_tracker.transactions | req=67a1616e | Transaction list returned: user_id=1, count=1
2026-08-26 00:53:16,420 | INFO | finance_tracker.middleware | req=67a1616e | GET /api/v1/transactions | 200 | 7.61ms
2026-08-26 00:53:16,449 | INFO | finance_tracker.transactions | req=4a3e6efd | Transaction list requested: user_id=1, page=1, limit=20
2026-08-26 00:53:16,451 | INFO | finance_tracker.transactions | req=4a3e6efd | Transaction list returned: user_id=1, count=0
2026-08-26 00:53:16,452 | INFO | finance_tracker.middleware | req=4a3e6efd | GET /api/v1/transactions | 200 | 7.32ms
2026-08-26 00:53:16,485 | INFO | finance_tracker.transactions | req=144a5f2b | Transaction list requested: user_id=1, page=1, limit=20
2026-08-26 00:53:16,488 | INFO | finance_tracker.transactions | req=144a5f2b | Transaction list returned: user_id=1, count=0
2026-08-26 00:53:16,490 | INFO | finance_tracker.middleware | req=144a5f2b | GET /api/v1/transactions | 200 | 10.14ms
2026-08-26 00:53:16,526 | INFO | finance_tracker.transactions | req=3cbb22dc | Transaction create attempt: user_id=1, amount=100.0, type=TransactionType.EXPENSE
2026-08-26 00:53:16,529 | INFO | finance_tracker.transactions | req=3cbb22dc | Transaction created: txn_id=1, user_id=1
2026-08-26 00:53:16,530 | INFO | finance_tracker.middleware | req=3cbb22dc | POST /api/v1/transactions | 201 | 13.24ms
2026-08-26 00:53:16,536 | INFO | finance_tracker.transactions | req=ebd6f673 | Transaction create attempt: user_id=1, amount=200.0, type=TransactionType.EXPENSE
2026-08-26 00:53:16,539 | INFO | finance_tracker.transactions | req=ebd6f673 | Transaction created: txn_id=2, user_id=1
2026-08-26 00:53:16,539 | INFO | finance_tracker.middleware | req=ebd6f673 | POST /api/v1/transactions | 201 | 6.77ms
2026-08-26 00:53:16,545 | INFO | finance_tracker.transactions | req=e67bbf3b | Transaction list requested: user_id=1, page=1, limit=20
2026-08-26 00:53:16,547 | INFO | finance_tracker.transactions | req=e67bbf3b | Transaction list returned: user_id=1, count=2
2026-08-26 00:53:16,549 | INFO | finance_tracker.middleware | req=e67bbf3b | GET /api/v1/transactions | 200 | 7.01ms
2026-08-26 00:53:16,578 | INFO | finance_tracker.transactions | req=0d249b60 | Transaction create attempt: user_id=1, amount=500.0, type=TransactionType.EXPENSE
2026-08-26 00:53:16,581 | INFO | finance_tracker.transactions | req=0d249b60 | Transaction created: txn_id=1, user_id=1
2026-08-26 00:53:16,582 | INFO | finance_tracker.middleware | req=0d249b60 | POST /api/v1/transactions | 201 | 9.24ms
2026-08-26 00:53:16,591 | INFO | finance_tracker.transactions | req=5751c920 | Transaction fetched: txn_id=1, user_id=1
2026-08-26 00:53:16,592 | INFO | finance_tracker.middleware | req=5751c920 | GET /api/v1/transactions/1 | 200 | 7.29ms
2026-08-26 00:53:16,623 | WARNING | finance_tracker.transactions | req=b8c32e1a | Transaction not found: txn_id=999999, user_id=1
2026-08-26 00:53:16,624 | INFO | finance_tracker.middleware | req=b8c32e1a | GET /api/v1/transactions/999999 | 404 | 6.08ms
2026-08-26 00:53:16,656 | INFO | finance_tracker.transactions | req=10c4f6cd | Transaction create attempt: user_id=1, amount=500.0, type=TransactionType.EXPENSE
2026-08-26 00:53:16,659 | INFO | finance_tracker.transactions | req=10c4f6cd | Transaction created: txn_id=1, user_id=1
2026-08-26 00:53:16,661 | INFO | finance_tracker.middleware | req=10c4f6cd | POST /api/v1/transactions | 201 | 10.09ms
2026-08-26 00:53:16,666 | INFO | finance_tracker.middleware | req=24700f5d | GET /api/v1/transactions/1 | 401 | 2.60ms
2026-08-26 00:53:16,702 | INFO | finance_tracker.transactions | req=6430ed62 | Transaction create attempt: user_id=1, amount=500.0, type=TransactionType.EXPENSE
2026-08-26 00:53:16,706 | INFO | finance_tracker.transactions | req=6430ed62 | Transaction created: txn_id=1, user_id=1
2026-08-26 00:53:16,707 | INFO | finance_tracker.middleware | req=6430ed62 | POST /api/v1/transactions | 201 | 10.92ms
2026-08-26 00:53:16,714 | INFO | finance_tracker.transactions | req=14898976 | Transaction update attempt: txn_id=1, user_id=1
2026-08-26 00:53:16,715 | INFO | finance_tracker.transactions | req=14898976 | Transaction fetched: txn_id=1, user_id=1
2026-08-26 00:53:16,781 | INFO | finance_tracker.transactions | req=14898976 | Transaction updated: txn_id=1, user_id=1
2026-08-26 00:53:16,782 | INFO | finance_tracker.middleware | req=14898976 | PATCH /api/v1/transactions/1 | 200 | 73.03ms
2026-08-26 00:53:16,824 | INFO | finance_tracker.transactions | req=3205d090 | Transaction create attempt: user_id=1, amount=500.0, type=TransactionType.EXPENSE
2026-08-26 00:53:16,827 | INFO | finance_tracker.transactions | req=3205d090 | Transaction created: txn_id=1, user_id=1
2026-08-26 00:53:16,828 | INFO | finance_tracker.middleware | req=3205d090 | POST /api/v1/transactions | 201 | 10.80ms
2026-08-26 00:53:16,836 | INFO | finance_tracker.transactions | req=44225cff | Transaction update attempt: txn_id=1, user_id=1
2026-08-26 00:53:16,837 | INFO | finance_tracker.transactions | req=44225cff | Transaction fetched: txn_id=1, user_id=1
2026-08-26 00:53:16,840 | INFO | finance_tracker.transactions | req=44225cff | Transaction updated: txn_id=1, user_id=1
2026-08-26 00:53:16,841 | INFO | finance_tracker.middleware | req=44225cff | PATCH /api/v1/transactions/1 | 200 | 9.64ms
2026-08-26 00:53:16,875 | INFO | finance_tracker.transactions | req=df32ae5d | Transaction create attempt: user_id=1, amount=500.0, type=TransactionType.EXPENSE
2026-08-26 00:53:16,878 | INFO | finance_tracker.transactions | req=df32ae5d | Transaction created: txn_id=1, user_id=1
2026-08-26 00:53:16,879 | INFO | finance_tracker.middleware | req=df32ae5d | POST /api/v1/transactions | 201 | 8.34ms
2026-08-26 00:53:16,885 | INFO | finance_tracker.transactions | req=4d88eab4 | Transaction update attempt: txn_id=1, user_id=1
2026-08-26 00:53:16,886 | INFO | finance_tracker.transactions | req=4d88eab4 | Transaction fetched: txn_id=1, user_id=1
2026-08-26 00:53:16,889 | INFO | finance_tracker.transactions | req=4d88eab4 | Transaction updated: txn_id=1, user_id=1
2026-08-26 00:53:16,889 | INFO | finance_tracker.middleware | req=4d88eab4 | PATCH /api/v1/transactions/1 | 200 | 8.33ms
2026-08-26 00:53:16,914 | INFO | finance_tracker.transactions | req=46654acc | Transaction create attempt: user_id=1, amount=500.0, type=TransactionType.EXPENSE
2026-08-26 00:53:16,917 | INFO | finance_tracker.transactions | req=46654acc | Transaction created: txn_id=1, user_id=1
2026-08-26 00:53:16,918 | INFO | finance_tracker.middleware | req=46654acc | POST /api/v1/transactions | 201 | 7.13ms
2026-08-26 00:53:16,925 | INFO | finance_tracker.middleware | req=198b7f80 | PATCH /api/v1/transactions/1 | 422 | 4.71ms
2026-08-26 00:53:16,955 | INFO | finance_tracker.transactions | req=cc96c2a4 | Transaction create attempt: user_id=1, amount=500.0, type=TransactionType.EXPENSE
2026-08-26 00:53:16,958 | INFO | finance_tracker.transactions | req=cc96c2a4 | Transaction created: txn_id=1, user_id=1
2026-08-26 00:53:16,960 | INFO | finance_tracker.middleware | req=cc96c2a4 | POST /api/v1/transactions | 201 | 11.06ms
2026-08-26 00:53:16,968 | INFO | finance_tracker.middleware | req=ff922d92 | PATCH /api/v1/transactions/1 | 422 | 5.11ms
2026-08-26 00:53:16,998 | INFO | finance_tracker.transactions | req=811d2ccb | Transaction update attempt: txn_id=999999, user_id=1
2026-08-26 00:53:16,999 | WARNING | finance_tracker.transactions | req=811d2ccb | Transaction not found: txn_id=999999, user_id=1
2026-08-26 00:53:17,000 | INFO | finance_tracker.middleware | req=811d2ccb | PATCH /api/v1/transactions/999999 | 404 | 7.31ms
2026-08-26 00:53:17,030 | INFO | finance_tracker.transactions | req=26f747bf | Transaction create attempt: user_id=1, amount=500.0, type=TransactionType.EXPENSE
2026-08-26 00:53:17,033 | INFO | finance_tracker.transactions | req=26f747bf | Transaction created: txn_id=1, user_id=1
2026-08-26 00:53:17,035 | INFO | finance_tracker.middleware | req=26f747bf | POST /api/v1/transactions | 201 | 10.36ms
2026-08-26 00:53:17,042 | WARNING | finance_tracker.transactions | req=4c843e05 | Transaction delete attempt: txn_id=1, user_id=1
2026-08-26 00:53:17,043 | INFO | finance_tracker.transactions | req=4c843e05 | Transaction fetched: txn_id=1, user_id=1
2026-08-26 00:53:17,046 | WARNING | finance_tracker.transactions | req=4c843e05 | Transaction deleted: txn_id=1, user_id=1
2026-08-26 00:53:17,050 | INFO | finance_tracker.middleware | req=4c843e05 | DELETE /api/v1/transactions/1 | 200 | 10.82ms
2026-08-26 00:53:17,058 | WARNING | finance_tracker.transactions | req=25c8bdba | Transaction not found: txn_id=1, user_id=1
2026-08-26 00:53:17,059 | INFO | finance_tracker.middleware | req=25c8bdba | GET /api/v1/transactions/1 | 404 | 4.68ms
2026-08-26 00:53:17,085 | WARNING | finance_tracker.transactions | req=424e512c | Transaction delete attempt: txn_id=999999, user_id=1
2026-08-26 00:53:17,086 | WARNING | finance_tracker.transactions | req=424e512c | Transaction not found: txn_id=999999, user_id=1
2026-08-26 00:53:17,087 | INFO | finance_tracker.middleware | req=424e512c | DELETE /api/v1/transactions/999999 | 404 | 5.77ms
2026-08-26 00:53:17,106 | INFO | finance_tracker.middleware | req=535ac630 | DELETE /api/v1/transactions/999999 | 401 | 4.59ms
2026-08-26 00:53:17,123 | INFO | finance_tracker.middleware | req=111cc3f3 | GET /api/v1/health | 200 | 2.19ms
2026-08-26 00:53:17,139 | INFO | finance_tracker.middleware | req=3614a844 | GET /api/v1/health | 200 | 1.58ms
2026-08-26 00:53:17,178 | INFO | finance_tracker.middleware | req=ea1bbe69 | GET /api/v1/users/me | 200 | 6.61ms
2026-08-26 00:53:17,197 | INFO | finance_tracker.middleware | req=f1a565fa | GET /api/v1/users/me | 401 | 1.07ms
2026-08-26 00:53:17,215 | INFO | finance_tracker.middleware | req=d1d477ca | GET /api/v1/users/me | 401 | 3.76ms
2026-08-26 00:53:17,260 | INFO | finance_tracker.middleware | req=4993c7f5 | PATCH /api/v1/users/me | 200 | 10.65ms
2026-08-26 00:53:17,310 | INFO | finance_tracker.middleware | req=81200a33 | PATCH /api/v1/users/me | 200 | 17.32ms
2026-08-26 00:53:17,360 | INFO | finance_tracker.middleware | req=57718818 | PATCH /api/v1/users/me | 200 | 14.62ms
2026-08-26 00:53:17,415 | INFO | finance_tracker.middleware | req=2899509f | PATCH /api/v1/users/me | 200 | 11.30ms
2026-08-26 00:53:17,463 | INFO | finance_tracker.middleware | req=02a9967f | PATCH /api/v1/users/me | 422 | 6.49ms
2026-08-26 00:53:17,498 | INFO | finance_tracker.middleware | req=bfb6a311 | PATCH /api/v1/users/me | 422 | 5.78ms
2026-08-26 00:53:17,534 | INFO | finance_tracker.middleware | req=e9846335 | PATCH /api/v1/users/me | 422 | 7.79ms
2026-08-26 00:53:17,551 | INFO | finance_tracker.middleware | req=f2bb1d45 | PATCH /api/v1/users/me | 401 | 3.63ms
2026-08-26 00:53:17,609 | INFO | finance_tracker.middleware | req=6cc57df8 | PATCH /api/v1/users/change-password | 200 | 23.63ms
2026-08-26 00:53:17,645 | INFO | finance_tracker.middleware | req=2680194e | PATCH /api/v1/users/change-password | 400 | 13.58ms
2026-08-26 00:53:17,681 | INFO | finance_tracker.middleware | req=0ee49dbc | PATCH /api/v1/users/change-password | 422 | 5.78ms
2026-08-26 00:53:17,720 | INFO | finance_tracker.middleware | req=a3b11fe4 | PATCH /api/v1/users/change-password | 422 | 8.44ms
2026-08-26 00:53:17,754 | INFO | finance_tracker.middleware | req=d22ab0bf | PATCH /api/v1/users/change-password | 422 | 5.76ms
2026-08-26 00:53:17,770 | INFO | finance_tracker.middleware | req=17da2ebd | PATCH /api/v1/users/change-password | 401 | 3.98ms
2026-08-26 00:53:17,806 | INFO | finance_tracker.middleware | req=8c92191e | DELETE /api/v1/users/me | 200 | 6.83ms
2026-08-26 00:53:17,824 | INFO | finance_tracker.middleware | req=e28afe6b | DELETE /api/v1/users/me | 401 | 3.00ms
2026-08-26 00:53:17,847 | INFO | finance_tracker.middleware | req=917b0ca4 | DELETE /api/v1/users/me | 401 | 3.96ms
2026-08-29 23:53:42,538 | INFO | finance_tracker.Auth | req=b171580b | Registration attempt: register@finora.com
2026-08-29 23:53:42,575 | INFO | finance_tracker.Auth | req=b171580b | User registered successfully: user_id=1, email=register@finora.com
2026-08-29 23:53:42,577 | INFO | finance_tracker.middleware | req=b171580b | POST /api/v1/auth/register | 201 | 42.83ms
2026-08-29 23:53:42,593 | INFO | finance_tracker.Auth | req=9b979a43 | Registration attempt: duplicate@finora.com
2026-08-29 23:53:42,603 | INFO | finance_tracker.Auth | req=9b979a43 | User registered successfully: user_id=1, email=duplicate@finora.com
2026-08-29 23:53:42,604 | INFO | finance_tracker.middleware | req=9b979a43 | POST /api/v1/auth/register | 201 | 13.50ms
2026-08-29 23:53:42,608 | INFO | finance_tracker.Auth | req=45db7746 | Registration attempt: duplicate@finora.com
2026-08-29 23:53:42,609 | WARNING | finance_tracker.Auth | req=45db7746 | Registration failed: email already exists (duplicate@finora.com)
2026-08-29 23:53:42,610 | INFO | finance_tracker.middleware | req=45db7746 | POST /api/v1/auth/register | 400 | 3.11ms
2026-08-29 23:53:42,622 | INFO | finance_tracker.middleware | req=b44c8964 | POST /api/v1/auth/register | 422 | 2.08ms
2026-08-29 23:53:42,634 | INFO | finance_tracker.middleware | req=92fe4081 | POST /api/v1/auth/register | 422 | 3.03ms
2026-08-29 23:53:42,645 | INFO | finance_tracker.middleware | req=0be583d8 | POST /api/v1/auth/register | 422 | 2.05ms
2026-08-29 23:53:42,657 | INFO | finance_tracker.Auth | req=4189a218 | Registration attempt: login@finora.com
2026-08-29 23:53:42,668 | INFO | finance_tracker.Auth | req=4189a218 | User registered successfully: user_id=1, email=login@finora.com
2026-08-29 23:53:42,669 | INFO | finance_tracker.middleware | req=4189a218 | POST /api/v1/auth/register | 201 | 14.30ms
2026-08-29 23:53:42,677 | INFO | finance_tracker.Auth | req=663b0d9c | Login attempt: login@finora.com
2026-08-29 23:53:42,686 | INFO | finance_tracker.Auth | req=663b0d9c | Login successful: user_id=1, email=login@finora.com
2026-08-29 23:53:42,687 | INFO | finance_tracker.middleware | req=663b0d9c | POST /api/v1/auth/login | 200 | 15.48ms
2026-08-29 23:53:42,698 | INFO | finance_tracker.Auth | req=90cbaad6 | Registration attempt: wrong-password@finora.com
2026-08-29 23:53:42,709 | INFO | finance_tracker.Auth | req=90cbaad6 | User registered successfully: user_id=1, email=wrong-password@finora.com
2026-08-29 23:53:42,710 | INFO | finance_tracker.middleware | req=90cbaad6 | POST /api/v1/auth/register | 201 | 13.17ms
2026-08-29 23:53:42,716 | INFO | finance_tracker.Auth | req=8fe21d5a | Login attempt: wrong-password@finora.com
2026-08-29 23:53:42,724 | WARNING | finance_tracker.Auth | req=8fe21d5a | Login failed: wrong password (user_id=1, email=wrong-password@finora.com)
2026-08-29 23:53:42,725 | INFO | finance_tracker.middleware | req=8fe21d5a | POST /api/v1/auth/login | 401 | 13.04ms
2026-08-29 23:53:42,740 | INFO | finance_tracker.Auth | req=77022778 | Login attempt: does-not-exist@finora.com
2026-08-29 23:53:42,741 | WARNING | finance_tracker.Auth | req=77022778 | Login failed: user not found (does-not-exist@finora.com)
2026-08-29 23:53:42,741 | INFO | finance_tracker.middleware | req=77022778 | POST /api/v1/auth/login | 401 | 7.67ms
2026-08-29 23:53:42,755 | INFO | finance_tracker.middleware | req=3825fdc3 | POST /api/v1/auth/login | 422 | 4.73ms
2026-08-29 23:53:42,777 | INFO | finance_tracker.Auth | req=fd2e1c19 | Profile accessed: user_id=1
2026-08-29 23:53:42,778 | INFO | finance_tracker.middleware | req=fd2e1c19 | GET /api/v1/auth/me | 200 | 5.52ms
2026-08-29 23:53:42,791 | INFO | finance_tracker.middleware | req=431bc5b6 | GET /api/v1/auth/me | 401 | 0.95ms
2026-08-29 23:53:42,805 | INFO | finance_tracker.middleware | req=5a3673e7 | GET /api/v1/auth/me | 401 | 2.63ms
2026-08-29 23:53:42,833 | INFO | finance_tracker.budgets | req=cfafb4e8 | Budget create attempt: user_id=1, month=8, year=2026
2026-08-29 23:53:42,840 | INFO | finance_tracker.budgets | req=cfafb4e8 | Budget created: budget_id=1, user_id=1
2026-08-29 23:53:42,841 | INFO | finance_tracker.middleware | req=cfafb4e8 | POST /api/v1/budgets/ | 201 | 15.63ms
2026-08-29 23:53:42,854 | INFO | finance_tracker.middleware | req=d8f2a5c4 | POST /api/v1/budgets/ | 401 | 2.54ms
2026-08-29 23:53:42,877 | INFO | finance_tracker.budgets | req=bb9f336c | Budget create attempt: user_id=1, month=8, year=2026
2026-08-29 23:53:42,879 | WARNING | finance_tracker.budgets | req=bb9f336c | Invalid category in budget: user_id=1, category_id=1
2026-08-29 23:53:42,880 | INFO | finance_tracker.middleware | req=bb9f336c | POST /api/v1/budgets/ | 404 | 6.77ms
2026-08-29 23:53:42,903 | INFO | finance_tracker.middleware | req=c4a7a15c | POST /api/v1/budgets/ | 422 | 4.60ms
2026-08-29 23:53:42,924 | INFO | finance_tracker.middleware | req=2135e673 | POST /api/v1/budgets/ | 422 | 3.63ms
2026-08-29 23:53:42,946 | INFO | finance_tracker.middleware | req=c8c48b1f | POST /api/v1/budgets/ | 422 | 3.62ms
2026-08-29 23:53:42,968 | INFO | finance_tracker.budgets | req=e2b0d734 | Budget create attempt: user_id=1, month=8, year=2026
2026-08-29 23:53:42,970 | INFO | finance_tracker.budgets | req=e2b0d734 | Budget created: budget_id=1, user_id=1
2026-08-29 23:53:42,971 | INFO | finance_tracker.middleware | req=e2b0d734 | POST /api/v1/budgets/ | 201 | 6.92ms
2026-08-29 23:53:42,976 | INFO | finance_tracker.budgets | req=68ede558 | Budget list requested: user_id=1, month=None, year=None
2026-08-29 23:53:42,978 | INFO | finance_tracker.budgets | req=68ede558 | Budget list returned: user_id=1, count=1
2026-08-29 23:53:42,980 | INFO | finance_tracker.middleware | req=68ede558 | GET /api/v1/budgets/ | 200 | 6.90ms
2026-08-29 23:53:43,005 | INFO | finance_tracker.budgets | req=70d4f73a | Budget create attempt: user_id=1, month=8, year=2026
2026-08-29 23:53:43,009 | INFO | finance_tracker.budgets | req=70d4f73a | Budget created: budget_id=1, user_id=1
2026-08-29 23:53:43,009 | INFO | finance_tracker.middleware | req=70d4f73a | POST /api/v1/budgets/ | 201 | 8.74ms
2026-08-29 23:53:43,015 | INFO | finance_tracker.budgets | req=33edb517 | Budget create attempt: user_id=1, month=9, year=2026
2026-08-29 23:53:43,018 | INFO | finance_tracker.budgets | req=33edb517 | Budget created: budget_id=2, user_id=1
2026-08-29 23:53:43,019 | INFO | finance_tracker.middleware | req=33edb517 | POST /api/v1/budgets/ | 201 | 7.16ms
2026-08-29 23:53:43,024 | INFO | finance_tracker.budgets | req=61b99b22 | Budget list requested: user_id=1, month=8, year=None
2026-08-29 23:53:43,026 | INFO | finance_tracker.budgets | req=61b99b22 | Budget list returned: user_id=1, count=1
2026-08-29 23:53:43,027 | INFO | finance_tracker.middleware | req=61b99b22 | GET /api/v1/budgets/ | 200 | 5.88ms
2026-08-29 23:53:43,059 | INFO | finance_tracker.budgets | req=824131eb | Budget create attempt: user_id=1, month=8, year=2026
2026-08-29 23:53:43,063 | INFO | finance_tracker.budgets | req=824131eb | Budget created: budget_id=1, user_id=1
2026-08-29 23:53:43,065 | INFO | finance_tracker.middleware | req=824131eb | POST /api/v1/budgets/ | 201 | 11.28ms
2026-08-29 23:53:43,073 | INFO | finance_tracker.budgets | req=46d4819f | Budget create attempt: user_id=1, month=8, year=2027
2026-08-29 23:53:43,078 | INFO | finance_tracker.budgets | req=46d4819f | Budget created: budget_id=2, user_id=1
2026-08-29 23:53:43,079 | INFO | finance_tracker.middleware | req=46d4819f | POST /api/v1/budgets/ | 201 | 11.40ms
2026-08-29 23:53:43,086 | INFO | finance_tracker.budgets | req=2b24d04a | Budget list requested: user_id=1, month=None, year=2026
2026-08-29 23:53:43,088 | INFO | finance_tracker.budgets | req=2b24d04a | Budget list returned: user_id=1, count=1
2026-08-29 23:53:43,089 | INFO | finance_tracker.middleware | req=2b24d04a | GET /api/v1/budgets/ | 200 | 6.88ms
2026-08-29 23:53:43,125 | INFO | finance_tracker.budgets | req=6afa570a | Budget create attempt: user_id=1, month=8, year=2026
2026-08-29 23:53:43,128 | INFO | finance_tracker.budgets | req=6afa570a | Budget created: budget_id=1, user_id=1
2026-08-29 23:53:43,129 | INFO | finance_tracker.middleware | req=6afa570a | POST /api/v1/budgets/ | 201 | 9.49ms
2026-08-29 23:53:43,137 | INFO | finance_tracker.budgets | req=04c107dc | Budget create attempt: user_id=1, month=8, year=2027
2026-08-29 23:53:43,140 | INFO | finance_tracker.budgets | req=04c107dc | Budget created: budget_id=2, user_id=1
2026-08-29 23:53:43,141 | INFO | finance_tracker.middleware | req=04c107dc | POST /api/v1/budgets/ | 201 | 9.00ms
2026-08-29 23:53:43,148 | INFO | finance_tracker.budgets | req=48d3c62c | Budget create attempt: user_id=1, month=9, year=2026
2026-08-29 23:53:43,151 | INFO | finance_tracker.budgets | req=48d3c62c | Budget created: budget_id=3, user_id=1
2026-08-29 23:53:43,153 | INFO | finance_tracker.middleware | req=48d3c62c | POST /api/v1/budgets/ | 201 | 8.47ms
2026-08-29 23:53:43,158 | INFO | finance_tracker.budgets | req=ad1c8eb0 | Budget list requested: user_id=1, month=8, year=2026
2026-08-29 23:53:43,161 | INFO | finance_tracker.budgets | req=ad1c8eb0 | Budget list returned: user_id=1, count=1
2026-08-29 23:53:43,162 | INFO | finance_tracker.middleware | req=ad1c8eb0 | GET /api/v1/budgets/ | 200 | 6.47ms
2026-08-29 23:53:43,176 | INFO | finance_tracker.middleware | req=008f53d4 | GET /api/v1/budgets/ | 401 | 2.36ms
2026-08-29 23:53:43,201 | INFO | finance_tracker.budgets | req=658bf82b | Current month budgets requested: user_id=1
2026-08-29 23:53:43,203 | INFO | finance_tracker.budgets | req=658bf82b | Current month budgets returned: user_id=1, count=0
2026-08-29 23:53:43,204 | INFO | finance_tracker.middleware | req=658bf82b | GET /api/v1/budgets/current-month | 200 | 6.28ms
2026-08-29 23:53:43,220 | INFO | finance_tracker.middleware | req=d198337f | GET /api/v1/budgets/current-month | 401 | 2.30ms
2026-08-29 23:53:43,243 | INFO | finance_tracker.budgets | req=8e6c683d | Budget create attempt: user_id=1, month=8, year=2026
2026-08-29 23:53:43,245 | INFO | finance_tracker.budgets | req=8e6c683d | Budget created: budget_id=1, user_id=1
2026-08-29 23:53:43,246 | INFO | finance_tracker.middleware | req=8e6c683d | POST /api/v1/budgets/ | 201 | 7.29ms
2026-08-29 23:53:43,253 | INFO | finance_tracker.budgets | req=2c305edc | Budget fetched: budget_id=1, user_id=1
2026-08-29 23:53:43,254 | INFO | finance_tracker.middleware | req=2c305edc | GET /api/v1/budgets/1 | 200 | 5.33ms
2026-08-29 23:53:43,276 | WARNING | finance_tracker.budgets | req=1e363363 | Budget not found: budget_id=999999, user_id=1
2026-08-29 23:53:43,277 | INFO | finance_tracker.middleware | req=1e363363 | GET /api/v1/budgets/999999 | 404 | 4.85ms
2026-08-29 23:53:43,307 | INFO | finance_tracker.budgets | req=fa995675 | Budget create attempt: user_id=1, month=8, year=2026
2026-08-29 23:53:43,311 | INFO | finance_tracker.budgets | req=fa995675 | Budget created: budget_id=1, user_id=1
2026-08-29 23:53:43,312 | INFO | finance_tracker.middleware | req=fa995675 | POST /api/v1/budgets/ | 201 | 9.23ms
2026-08-29 23:53:43,316 | INFO | finance_tracker.middleware | req=11a91a8e | GET /api/v1/budgets/1 | 401 | 1.68ms
2026-08-29 23:53:43,341 | INFO | finance_tracker.budgets | req=d12454c3 | Budget create attempt: user_id=1, month=8, year=2026
2026-08-29 23:53:43,344 | INFO | finance_tracker.budgets | req=d12454c3 | Budget created: budget_id=1, user_id=1
2026-08-29 23:53:43,345 | INFO | finance_tracker.middleware | req=d12454c3 | POST /api/v1/budgets/ | 201 | 8.48ms
2026-08-29 23:53:43,351 | INFO | finance_tracker.budgets | req=a29cf3f5 | Budget fetched: budget_id=1, user_id=1
2026-08-29 23:53:43,355 | INFO | finance_tracker.middleware | req=a29cf3f5 | GET /api/v1/budgets/status/1 | 200 | 8.10ms
2026-08-29 23:53:43,376 | WARNING | finance_tracker.budgets | req=89611b79 | Budget not found: budget_id=999999, user_id=1
2026-08-29 23:53:43,377 | INFO | finance_tracker.middleware | req=89611b79 | GET /api/v1/budgets/status/999999 | 404 | 4.30ms
2026-08-29 23:53:43,398 | INFO | finance_tracker.budgets | req=3459f69e | Budget create attempt: user_id=1, month=8, year=2026
2026-08-29 23:53:43,401 | INFO | finance_tracker.budgets | req=3459f69e | Budget created: budget_id=1, user_id=1
2026-08-29 23:53:43,402 | INFO | finance_tracker.middleware | req=3459f69e | POST /api/v1/budgets/ | 201 | 7.74ms
2026-08-29 23:53:43,408 | INFO | finance_tracker.budgets | req=8f607d14 | Budget update attempt: budget_id=1, user_id=1
2026-08-29 23:53:43,409 | INFO | finance_tracker.budgets | req=8f607d14 | Budget fetched: budget_id=1, user_id=1
2026-08-29 23:53:43,416 | INFO | finance_tracker.budgets | req=8f607d14 | Budget updated: budget_id=1, user_id=1
2026-08-29 23:53:43,417 | INFO | finance_tracker.middleware | req=8f607d14 | PUT /api/v1/budgets/1 | 200 | 12.76ms
2026-08-29 23:53:43,442 | INFO | finance_tracker.budgets | req=08b39e5c | Budget create attempt: user_id=1, month=8, year=2026
2026-08-29 23:53:43,445 | INFO | finance_tracker.budgets | req=08b39e5c | Budget created: budget_id=1, user_id=1
2026-08-29 23:53:43,446 | INFO | finance_tracker.middleware | req=08b39e5c | POST /api/v1/budgets/ | 201 | 7.12ms
2026-08-29 23:53:43,452 | INFO | finance_tracker.budgets | req=362ead89 | Budget update attempt: budget_id=1, user_id=1
2026-08-29 23:53:43,453 | INFO | finance_tracker.budgets | req=362ead89 | Budget fetched: budget_id=1, user_id=1
2026-08-29 23:53:43,455 | INFO | finance_tracker.budgets | req=362ead89 | Budget updated: budget_id=1, user_id=1
2026-08-29 23:53:43,456 | INFO | finance_tracker.middleware | req=362ead89 | PUT /api/v1/budgets/1 | 200 | 8.60ms
2026-08-29 23:53:43,479 | INFO | finance_tracker.budgets | req=7dce329f | Budget create attempt: user_id=1, month=8, year=2026
2026-08-29 23:53:43,482 | INFO | finance_tracker.budgets | req=7dce329f | Budget created: budget_id=1, user_id=1
2026-08-29 23:53:43,483 | INFO | finance_tracker.middleware | req=7dce329f | POST /api/v1/budgets/ | 201 | 7.67ms
2026-08-29 23:53:43,488 | INFO | finance_tracker.middleware | req=b15b8811 | PUT /api/v1/budgets/1 | 422 | 3.25ms
2026-08-29 23:53:43,510 | INFO | finance_tracker.budgets | req=b90535bd | Budget update attempt: budget_id=999999, user_id=1
2026-08-29 23:53:43,511 | WARNING | finance_tracker.budgets | req=b90535bd | Budget not found: budget_id=999999, user_id=1
2026-08-29 23:53:43,512 | INFO | finance_tracker.middleware | req=b90535bd | PUT /api/v1/budgets/999999 | 404 | 5.25ms
2026-08-29 23:53:43,533 | INFO | finance_tracker.budgets | req=b3d3e2af | Budget create attempt: user_id=1, month=8, year=2026
2026-08-29 23:53:43,536 | INFO | finance_tracker.budgets | req=b3d3e2af | Budget created: budget_id=1, user_id=1
2026-08-29 23:53:43,537 | INFO | finance_tracker.middleware | req=b3d3e2af | POST /api/v1/budgets/ | 201 | 6.91ms
2026-08-29 23:53:43,541 | WARNING | finance_tracker.budgets | req=953d9b09 | Budget delete attempt: budget_id=1, user_id=1
2026-08-29 23:53:43,542 | INFO | finance_tracker.budgets | req=953d9b09 | Budget fetched: budget_id=1, user_id=1
2026-08-29 23:53:43,545 | WARNING | finance_tracker.budgets | req=953d9b09 | Budget deleted: budget_id=1, user_id=1
2026-08-29 23:53:43,545 | INFO | finance_tracker.middleware | req=953d9b09 | DELETE /api/v1/budgets/1 | 200 | 6.56ms
2026-08-29 23:53:43,550 | WARNING | finance_tracker.budgets | req=43605fa2 | Budget not found: budget_id=1, user_id=1
2026-08-29 23:53:43,551 | INFO | finance_tracker.middleware | req=43605fa2 | GET /api/v1/budgets/1 | 404 | 3.93ms
2026-08-29 23:53:43,574 | WARNING | finance_tracker.budgets | req=e7a12ae2 | Budget delete attempt: budget_id=999999, user_id=1
2026-08-29 23:53:43,575 | WARNING | finance_tracker.budgets | req=e7a12ae2 | Budget not found: budget_id=999999, user_id=1
2026-08-29 23:53:43,576 | INFO | finance_tracker.middleware | req=e7a12ae2 | DELETE /api/v1/budgets/999999 | 404 | 6.98ms
2026-08-29 23:53:43,591 | INFO | finance_tracker.middleware | req=9f0f2bda | DELETE /api/v1/budgets/999999 | 401 | 2.39ms
2026-08-29 23:53:43,619 | INFO | finance_tracker.categories | req=ff41faac | Category create attempt: user_id=1, name=Salary, type=TransactionType.INCOME
2026-08-29 23:53:43,624 | INFO | finance_tracker.categories | req=ff41faac | Category created: category_id=1, user_id=1
2026-08-29 23:53:43,625 | INFO | finance_tracker.middleware | req=ff41faac | POST /api/v1/categories/ | 201 | 10.25ms
2026-08-29 23:53:43,649 | INFO | finance_tracker.categories | req=a1f65bdb | Category create attempt: user_id=1, name=Food, type=TransactionType.EXPENSE
2026-08-29 23:53:43,651 | INFO | finance_tracker.categories | req=a1f65bdb | Category created: category_id=1, user_id=1
2026-08-29 23:53:43,652 | INFO | finance_tracker.middleware | req=a1f65bdb | POST /api/v1/categories/ | 201 | 7.33ms
2026-08-29 23:53:43,665 | INFO | finance_tracker.middleware | req=dcc1cb5f | POST /api/v1/categories/ | 401 | 2.14ms
2026-08-29 23:53:43,686 | INFO | finance_tracker.middleware | req=74c93305 | POST /api/v1/categories/ | 422 | 4.32ms
2026-08-29 23:53:43,708 | INFO | finance_tracker.middleware | req=10c636ce | POST /api/v1/categories/ | 422 | 3.62ms
2026-08-29 23:53:43,729 | INFO | finance_tracker.middleware | req=af3ac631 | POST /api/v1/categories/ | 422 | 3.50ms
2026-08-29 23:53:43,752 | INFO | finance_tracker.middleware | req=49fbe090 | POST /api/v1/categories/ | 422 | 4.37ms
2026-08-29 23:53:43,775 | INFO | finance_tracker.categories | req=7bf1bd0c | Category create attempt: user_id=1, name=Food, type=TransactionType.EXPENSE
2026-08-29 23:53:43,778 | INFO | finance_tracker.categories | req=7bf1bd0c | Category created: category_id=1, user_id=1
2026-08-29 23:53:43,779 | INFO | finance_tracker.middleware | req=7bf1bd0c | POST /api/v1/categories/ | 201 | 8.07ms
2026-08-29 23:53:43,784 | INFO | finance_tracker.categories | req=6b1b9d4c | Category list requested: user_id=1, type=None
2026-08-29 23:53:43,785 | INFO | finance_tracker.categories | req=6b1b9d4c | Category list returned: user_id=1, count=1
2026-08-29 23:53:43,786 | INFO | finance_tracker.middleware | req=6b1b9d4c | GET /api/v1/categories/ | 200 | 5.09ms
2026-08-29 23:53:43,797 | INFO | finance_tracker.middleware | req=d4e80649 | GET /api/v1/categories/ | 401 | 1.92ms
2026-08-29 23:53:43,819 | INFO | finance_tracker.categories | req=49f4651d | Category create attempt: user_id=1, name=Salary, type=TransactionType.INCOME
2026-08-29 23:53:43,821 | INFO | finance_tracker.categories | req=49f4651d | Category created: category_id=1, user_id=1
2026-08-29 23:53:43,822 | INFO | finance_tracker.middleware | req=49f4651d | POST /api/v1/categories/ | 201 | 7.75ms
2026-08-29 23:53:43,827 | INFO | finance_tracker.categories | req=6d1dd60a | Category create attempt: user_id=1, name=Food, type=TransactionType.EXPENSE
2026-08-29 23:53:43,829 | INFO | finance_tracker.categories | req=6d1dd60a | Category created: category_id=2, user_id=1
2026-08-29 23:53:43,830 | INFO | finance_tracker.middleware | req=6d1dd60a | POST /api/v1/categories/ | 201 | 6.28ms
2026-08-29 23:53:43,835 | INFO | finance_tracker.categories | req=b4e5cb61 | Category list requested: user_id=1, type=TransactionType.INCOME
2026-08-29 23:53:43,836 | INFO | finance_tracker.categories | req=b4e5cb61 | Category list returned: user_id=1, count=1
2026-08-29 23:53:43,837 | INFO | finance_tracker.middleware | req=b4e5cb61 | GET /api/v1/categories/ | 200 | 4.95ms
2026-08-29 23:53:43,859 | INFO | finance_tracker.categories | req=e257594a | Category create attempt: user_id=1, name=Salary, type=TransactionType.INCOME
2026-08-29 23:53:43,861 | INFO | finance_tracker.categories | req=e257594a | Category created: category_id=1, user_id=1
2026-08-29 23:53:43,862 | INFO | finance_tracker.middleware | req=e257594a | POST /api/v1/categories/ | 201 | 6.52ms
2026-08-29 23:53:43,867 | INFO | finance_tracker.categories | req=e7a18326 | Category create attempt: user_id=1, name=Food, type=TransactionType.EXPENSE
2026-08-29 23:53:43,870 | INFO | finance_tracker.categories | req=e7a18326 | Category created: category_id=2, user_id=1
2026-08-29 23:53:43,870 | INFO | finance_tracker.middleware | req=e7a18326 | POST /api/v1/categories/ | 201 | 6.18ms
2026-08-29 23:53:43,875 | INFO | finance_tracker.categories | req=dee86a4c | Category list requested: user_id=1, type=TransactionType.EXPENSE
2026-08-29 23:53:43,876 | INFO | finance_tracker.categories | req=dee86a4c | Category list returned: user_id=1, count=1
2026-08-29 23:53:43,877 | INFO | finance_tracker.middleware | req=dee86a4c | GET /api/v1/categories/ | 200 | 4.09ms
2026-08-29 23:53:43,899 | INFO | finance_tracker.categories | req=42cd739d | Category create attempt: user_id=1, name=Food, type=TransactionType.EXPENSE
2026-08-29 23:53:43,901 | INFO | finance_tracker.categories | req=42cd739d | Category created: category_id=1, user_id=1
2026-08-29 23:53:43,902 | INFO | finance_tracker.middleware | req=42cd739d | POST /api/v1/categories/ | 201 | 7.54ms
2026-08-29 23:53:43,907 | INFO | finance_tracker.categories | req=50ebe034 | Category fetched: category_id=1, user_id=1
2026-08-29 23:53:43,908 | INFO | finance_tracker.middleware | req=50ebe034 | GET /api/v1/categories/1 | 200 | 4.65ms
2026-08-29 23:53:43,930 | INFO | finance_tracker.categories | req=b13a7179 | Category create attempt: user_id=1, name=Food, type=TransactionType.EXPENSE
2026-08-29 23:53:43,932 | INFO | finance_tracker.categories | req=b13a7179 | Category created: category_id=1, user_id=1
2026-08-29 23:53:43,933 | INFO | finance_tracker.middleware | req=b13a7179 | POST /api/v1/categories/ | 201 | 6.52ms
2026-08-29 23:53:43,936 | INFO | finance_tracker.middleware | req=cb7553e0 | GET /api/v1/categories/1 | 401 | 1.65ms
2026-08-29 23:53:43,957 | WARNING | finance_tracker.categories | req=acd0f1b5 | Category not found: category_id=999999, user_id=1
2026-08-29 23:53:43,958 | INFO | finance_tracker.middleware | req=acd0f1b5 | GET /api/v1/categories/999999 | 404 | 4.44ms
2026-08-29 23:53:43,978 | INFO | finance_tracker.categories | req=e8d408ca | Category create attempt: user_id=1, name=Old Name, type=TransactionType.EXPENSE
2026-08-29 23:53:43,981 | INFO | finance_tracker.categories | req=e8d408ca | Category created: category_id=1, user_id=1
2026-08-29 23:53:43,982 | INFO | finance_tracker.middleware | req=e8d408ca | POST /api/v1/categories/ | 201 | 6.94ms
2026-08-29 23:53:43,987 | INFO | finance_tracker.categories | req=952c97aa | Category update attempt: category_id=1, user_id=1
2026-08-29 23:53:43,987 | INFO | finance_tracker.categories | req=952c97aa | Category fetched: category_id=1, user_id=1
2026-08-29 23:53:43,991 | INFO | finance_tracker.categories | req=952c97aa | Category updated: category_id=1, user_id=1
2026-08-29 23:53:43,992 | INFO | finance_tracker.middleware | req=952c97aa | PUT /api/v1/categories/1 | 200 | 8.25ms
2026-08-29 23:53:44,014 | INFO | finance_tracker.categories | req=9ec294e5 | Category create attempt: user_id=1, name=Adjustable Category, type=TransactionType.EXPENSE
2026-08-29 23:53:44,017 | INFO | finance_tracker.categories | req=9ec294e5 | Category created: category_id=1, user_id=1
2026-08-29 23:53:44,018 | INFO | finance_tracker.middleware | req=9ec294e5 | POST /api/v1/categories/ | 201 | 7.77ms
2026-08-29 23:53:44,022 | INFO | finance_tracker.categories | req=c66a28a5 | Category update attempt: category_id=1, user_id=1
2026-08-29 23:53:44,023 | INFO | finance_tracker.categories | req=c66a28a5 | Category fetched: category_id=1, user_id=1
2026-08-29 23:53:44,026 | INFO | finance_tracker.categories | req=c66a28a5 | Category updated: category_id=1, user_id=1
2026-08-29 23:53:44,027 | INFO | finance_tracker.middleware | req=c66a28a5 | PUT /api/v1/categories/1 | 200 | 6.96ms
2026-08-29 23:53:44,048 | INFO | finance_tracker.categories | req=2553d3f8 | Category create attempt: user_id=1, name=Food, type=TransactionType.EXPENSE
2026-08-29 23:53:44,051 | INFO | finance_tracker.categories | req=2553d3f8 | Category created: category_id=1, user_id=1
2026-08-29 23:53:44,052 | INFO | finance_tracker.middleware | req=2553d3f8 | POST /api/v1/categories/ | 201 | 7.32ms
2026-08-29 23:53:44,057 | INFO | finance_tracker.middleware | req=86e6833c | PUT /api/v1/categories/1 | 422 | 3.33ms
2026-08-29 23:53:44,078 | INFO | finance_tracker.categories | req=b791d77a | Category update attempt: category_id=999999, user_id=1
2026-08-29 23:53:44,079 | WARNING | finance_tracker.categories | req=b791d77a | Category not found: category_id=999999, user_id=1
2026-08-29 23:53:44,079 | INFO | finance_tracker.middleware | req=b791d77a | PUT /api/v1/categories/999999 | 404 | 4.90ms
2026-08-29 23:53:44,103 | INFO | finance_tracker.categories | req=20117adf | Category create attempt: user_id=1, name=Food, type=TransactionType.EXPENSE
2026-08-29 23:53:44,107 | INFO | finance_tracker.categories | req=20117adf | Category created: category_id=1, user_id=1
2026-08-29 23:53:44,108 | INFO | finance_tracker.middleware | req=20117adf | POST /api/v1/categories/ | 201 | 9.30ms
2026-08-29 23:53:44,115 | WARNING | finance_tracker.categories | req=b55557cf | Category delete attempt: category_id=1, user_id=1
2026-08-29 23:53:44,117 | INFO | finance_tracker.categories | req=b55557cf | Category fetched: category_id=1, user_id=1
2026-08-29 23:53:44,126 | WARNING | finance_tracker.categories | req=b55557cf | Category deleted: category_id=1, user_id=1
2026-08-29 23:53:44,128 | INFO | finance_tracker.middleware | req=b55557cf | DELETE /api/v1/categories/1 | 200 | 16.96ms
2026-08-29 23:53:44,138 | WARNING | finance_tracker.categories | req=4c0aec6b | Category not found: category_id=1, user_id=1
2026-08-29 23:53:44,140 | INFO | finance_tracker.middleware | req=4c0aec6b | GET /api/v1/categories/1 | 404 | 8.29ms
2026-08-29 23:53:44,179 | WARNING | finance_tracker.categories | req=b94f6253 | Category delete attempt: category_id=999999, user_id=1
2026-08-29 23:53:44,180 | WARNING | finance_tracker.categories | req=b94f6253 | Category not found: category_id=999999, user_id=1
2026-08-29 23:53:44,182 | INFO | finance_tracker.middleware | req=b94f6253 | DELETE /api/v1/categories/999999 | 404 | 8.20ms
2026-08-29 23:53:44,197 | INFO | finance_tracker.middleware | req=ed128775 | DELETE /api/v1/categories/999999 | 401 | 2.34ms
2026-08-29 23:53:44,227 | INFO | finance_tracker.dashboard | req=ff554ce8 | Dashboard summary requested: user_id=1
2026-08-29 23:53:44,242 | INFO | finance_tracker.dashboard | req=ff554ce8 | Dashboard summary generated: user_id=1
2026-08-29 23:53:44,243 | INFO | finance_tracker.middleware | req=ff554ce8 | GET /api/v1/dashboard/summary | 200 | 20.91ms
2026-08-29 23:53:44,270 | INFO | finance_tracker.dashboard | req=abfd7718 | Dashboard summary requested: user_id=1
2026-08-29 23:53:44,272 | INFO | finance_tracker.dashboard | req=abfd7718 | Dashboard summary generated: user_id=1
2026-08-29 23:53:44,273 | INFO | finance_tracker.middleware | req=abfd7718 | GET /api/v1/dashboard/summary | 200 | 6.52ms
2026-08-29 23:53:44,295 | INFO | finance_tracker.middleware | req=d4bb76da | GET /api/v1/dashboard/summary | 422 | 3.88ms
2026-08-29 23:53:44,318 | INFO | finance_tracker.middleware | req=014161cc | GET /api/v1/dashboard/summary | 422 | 3.61ms
2026-08-29 23:53:44,329 | INFO | finance_tracker.middleware | req=2dbe8976 | GET /api/v1/dashboard/summary | 401 | 2.08ms
2026-08-29 23:53:44,351 | INFO | finance_tracker.dashboard | req=080f6473 | Monthly trend requested: user_id=1
2026-08-29 23:53:44,353 | INFO | finance_tracker.dashboard | req=080f6473 | Monthly trend generated: user_id=1
2026-08-29 23:53:44,354 | INFO | finance_tracker.middleware | req=080f6473 | GET /api/v1/dashboard/monthly-trend | 200 | 6.44ms
2026-08-29 23:53:44,376 | INFO | finance_tracker.dashboard | req=749e0615 | Monthly trend requested: user_id=1
2026-08-29 23:53:44,377 | INFO | finance_tracker.dashboard | req=749e0615 | Monthly trend generated: user_id=1
2026-08-29 23:53:44,377 | INFO | finance_tracker.middleware | req=749e0615 | GET /api/v1/dashboard/monthly-trend | 200 | 5.84ms
2026-08-29 23:53:44,399 | INFO | finance_tracker.middleware | req=c59a8763 | GET /api/v1/dashboard/monthly-trend | 422 | 3.39ms
2026-08-29 23:53:44,410 | INFO | finance_tracker.middleware | req=a4b381ad | GET /api/v1/dashboard/monthly-trend | 401 | 2.17ms
2026-08-29 23:53:44,432 | INFO | finance_tracker.dashboard | req=e0376ca9 | Category breakdown requested: user_id=1
2026-08-29 23:53:44,434 | INFO | finance_tracker.dashboard | req=e0376ca9 | Category breakdown generated: user_id=1
2026-08-29 23:53:44,435 | INFO | finance_tracker.middleware | req=e0376ca9 | GET /api/v1/dashboard/category-breakdown | 200 | 6.60ms
2026-08-29 23:53:44,456 | INFO | finance_tracker.dashboard | req=370ced87 | Category breakdown requested: user_id=1
2026-08-29 23:53:44,457 | INFO | finance_tracker.dashboard | req=370ced87 | Category breakdown generated: user_id=1
2026-08-29 23:53:44,458 | INFO | finance_tracker.middleware | req=370ced87 | GET /api/v1/dashboard/category-breakdown | 200 | 4.64ms
2026-08-29 23:53:44,479 | INFO | finance_tracker.middleware | req=17a03883 | GET /api/v1/dashboard/category-breakdown | 422 | 3.60ms
2026-08-29 23:53:44,500 | INFO | finance_tracker.middleware | req=c9cd5596 | GET /api/v1/dashboard/category-breakdown | 422 | 4.62ms
2026-08-29 23:53:44,510 | INFO | finance_tracker.middleware | req=cec8350a | GET /api/v1/dashboard/category-breakdown | 401 | 1.78ms
2026-08-29 23:53:44,532 | INFO | finance_tracker.middleware | req=d4a97304 | GET /api/v1/dashboard/status | 200 | 4.32ms
2026-08-29 23:53:44,554 | INFO | finance_tracker.middleware | req=4785416a | GET /api/v1/dashboard/status | 422 | 3.39ms
2026-08-29 23:53:44,574 | INFO | finance_tracker.middleware | req=dac80a52 | GET /api/v1/dashboard/status | 422 | 3.30ms
2026-08-29 23:53:44,595 | INFO | finance_tracker.middleware | req=574525e8 | GET /api/v1/dashboard/status | 422 | 3.25ms
2026-08-29 23:53:44,618 | INFO | finance_tracker.middleware | req=82e8883a | GET /api/v1/dashboard/status | 422 | 3.68ms
2026-08-29 23:53:44,629 | INFO | finance_tracker.middleware | req=e2292e22 | GET /api/v1/dashboard/status | 401 | 2.00ms
2026-08-29 23:53:44,652 | INFO | finance_tracker.dashboard | req=4b15b02d | Recent transactions requested: user_id=1, limit=5
2026-08-29 23:53:44,654 | INFO | finance_tracker.dashboard | req=4b15b02d | Recent transactions returned: user_id=1, count=0
2026-08-29 23:53:44,654 | INFO | finance_tracker.middleware | req=4b15b02d | GET /api/v1/dashboard/recent-transactions | 200 | 6.73ms
2026-08-29 23:53:44,677 | INFO | finance_tracker.dashboard | req=b3ed9ebf | Recent transactions requested: user_id=1, limit=10
2026-08-29 23:53:44,678 | INFO | finance_tracker.dashboard | req=b3ed9ebf | Recent transactions returned: user_id=1, count=0
2026-08-29 23:53:44,678 | INFO | finance_tracker.middleware | req=b3ed9ebf | GET /api/v1/dashboard/recent-transactions | 200 | 4.46ms
2026-08-29 23:53:44,700 | INFO | finance_tracker.middleware | req=98877361 | GET /api/v1/dashboard/recent-transactions | 422 | 3.77ms
2026-08-29 23:53:44,721 | INFO | finance_tracker.middleware | req=a40f4a10 | GET /api/v1/dashboard/recent-transactions | 422 | 3.46ms
2026-08-29 23:53:44,742 | INFO | finance_tracker.middleware | req=38d41b34 | GET /api/v1/dashboard/recent-transactions | 422 | 3.18ms
2026-08-29 23:53:44,751 | INFO | finance_tracker.middleware | req=5a8f4d1c | GET /api/v1/dashboard/recent-transactions | 401 | 1.75ms
2026-08-29 23:53:44,771 | INFO | finance_tracker.transactions | req=410d8b83 | Transaction create attempt: user_id=1, amount=50000.0, type=TransactionType.INCOME
2026-08-29 23:53:44,776 | INFO | finance_tracker.transactions | req=410d8b83 | Transaction created: txn_id=1, user_id=1
2026-08-29 23:53:44,777 | INFO | finance_tracker.middleware | req=410d8b83 | POST /api/v1/transactions | 201 | 9.20ms
2026-08-29 23:53:44,781 | INFO | finance_tracker.transactions | req=eb6452a2 | Transaction create attempt: user_id=1, amount=5000.0, type=TransactionType.EXPENSE
2026-08-29 23:53:44,783 | INFO | finance_tracker.transactions | req=eb6452a2 | Transaction created: txn_id=2, user_id=1
2026-08-29 23:53:44,784 | INFO | finance_tracker.middleware | req=eb6452a2 | POST /api/v1/transactions | 201 | 5.71ms
2026-08-29 23:53:44,792 | INFO | finance_tracker.middleware | req=2380ab89 | GET /api/v1/reports/cash-flow | 200 | 5.73ms
2026-08-29 23:53:44,803 | INFO | finance_tracker.middleware | req=6b38c6e2 | GET /api/v1/reports/cash-flow | 401 | 1.94ms
2026-08-29 23:53:44,823 | INFO | finance_tracker.middleware | req=a0ed7ccb | GET /api/v1/reports/cash-flow | 422 | 3.39ms
2026-08-29 23:53:44,844 | INFO | finance_tracker.middleware | req=33c0e869 | GET /api/v1/reports/cash-flow | 422 | 3.58ms
2026-08-29 23:53:44,865 | INFO | finance_tracker.middleware | req=71dbc4b9 | GET /api/v1/reports/cash-flow | 422 | 3.48ms
2026-08-29 23:53:44,886 | INFO | finance_tracker.transactions | req=254b65a9 | Transaction create attempt: user_id=1, amount=5000.0, type=TransactionType.EXPENSE
2026-08-29 23:53:44,888 | INFO | finance_tracker.transactions | req=254b65a9 | Transaction created: txn_id=1, user_id=1
2026-08-29 23:53:44,889 | INFO | finance_tracker.middleware | req=254b65a9 | POST /api/v1/transactions | 201 | 6.59ms
2026-08-29 23:53:44,897 | INFO | finance_tracker.middleware | req=039d2b84 | GET /api/v1/reports/category-analysis | 200 | 5.18ms
2026-08-29 23:53:44,909 | INFO | finance_tracker.middleware | req=0dfb9bd2 | GET /api/v1/reports/category-analysis | 401 | 2.24ms
2026-08-29 23:53:44,937 | INFO | finance_tracker.middleware | req=c4aa3fb1 | GET /api/v1/reports/category-analysis | 422 | 5.75ms
2026-08-29 23:53:44,962 | INFO | finance_tracker.middleware | req=cd426793 | GET /api/v1/reports/category-analysis | 422 | 4.11ms
2026-08-29 23:53:44,987 | INFO | finance_tracker.middleware | req=3fccc207 | GET /api/v1/reports/category-analysis | 422 | 4.06ms
2026-08-29 23:53:45,012 | INFO | finance_tracker.middleware | req=000cca5e | GET /api/v1/reports/category-analysis | 422 | 3.91ms
2026-08-29 23:53:45,036 | INFO | finance_tracker.transactions | req=917e9acc | Transaction create attempt: user_id=1, amount=50000.0, type=TransactionType.INCOME
2026-08-29 23:53:45,039 | INFO | finance_tracker.transactions | req=917e9acc | Transaction created: txn_id=1, user_id=1
2026-08-29 23:53:45,040 | INFO | finance_tracker.middleware | req=917e9acc | POST /api/v1/transactions | 201 | 7.01ms
2026-08-29 23:53:45,046 | INFO | finance_tracker.transactions | req=8925a1ec | Transaction create attempt: user_id=1, amount=5000.0, type=TransactionType.EXPENSE
2026-08-29 23:53:45,048 | INFO | finance_tracker.transactions | req=8925a1ec | Transaction created: txn_id=2, user_id=1
2026-08-29 23:53:45,049 | INFO | finance_tracker.middleware | req=8925a1ec | POST /api/v1/transactions | 201 | 6.82ms
2026-08-29 23:53:45,056 | INFO | finance_tracker.middleware | req=6c360216 | GET /api/v1/reports/income-vs-expense | 200 | 5.02ms
2026-08-29 23:53:45,070 | INFO | finance_tracker.middleware | req=b4461faf | GET /api/v1/reports/income-vs-expense | 401 | 2.15ms
2026-08-29 23:53:45,096 | INFO | finance_tracker.middleware | req=7dd32b56 | GET /api/v1/reports/income-vs-expense | 422 | 5.80ms
2026-08-29 23:53:45,125 | INFO | finance_tracker.middleware | req=4af2e777 | GET /api/v1/reports/income-vs-expense | 422 | 4.84ms
2026-08-29 23:53:45,157 | INFO | finance_tracker.budgets | req=cb394132 | Budget create attempt: user_id=1, month=8, year=2026
2026-08-29 23:53:45,161 | INFO | finance_tracker.budgets | req=cb394132 | Budget created: budget_id=1, user_id=1
2026-08-29 23:53:45,162 | INFO | finance_tracker.middleware | req=cb394132 | POST /api/v1/budgets/ | 201 | 8.89ms
2026-08-29 23:53:45,167 | INFO | finance_tracker.transactions | req=a45b7c35 | Transaction create attempt: user_id=1, amount=5000.0, type=TransactionType.EXPENSE
2026-08-29 23:53:45,170 | INFO | finance_tracker.transactions | req=a45b7c35 | Transaction created: txn_id=1, user_id=1
2026-08-29 23:53:45,171 | INFO | finance_tracker.middleware | req=a45b7c35 | POST /api/v1/transactions | 201 | 6.77ms
2026-08-29 23:53:45,179 | INFO | finance_tracker.middleware | req=546bd151 | GET /api/v1/reports/budget-performance | 200 | 6.52ms
2026-08-29 23:53:45,195 | INFO | finance_tracker.middleware | req=c95e714a | GET /api/v1/reports/budget-performance | 401 | 2.63ms
2026-08-29 23:53:45,222 | INFO | finance_tracker.middleware | req=1536ae7c | GET /api/v1/reports/budget-performance | 422 | 4.17ms
2026-08-29 23:53:45,247 | INFO | finance_tracker.middleware | req=a3c636b9 | GET /api/v1/reports/budget-performance | 422 | 4.57ms
2026-08-29 23:53:45,270 | INFO | finance_tracker.middleware | req=2151754b | GET /api/v1/reports/budget-performance | 422 | 4.31ms
2026-08-29 23:53:45,291 | INFO | finance_tracker.middleware | req=c3ebad3e | GET /api/v1/reports/budget-performance | 422 | 3.28ms
2026-08-29 23:53:45,312 | INFO | finance_tracker.transactions | req=92994a04 | Transaction create attempt: user_id=1, amount=500.0, type=TransactionType.EXPENSE
2026-08-29 23:53:45,314 | INFO | finance_tracker.transactions | req=92994a04 | Transaction created: txn_id=1, user_id=1
2026-08-29 23:53:45,315 | INFO | finance_tracker.middleware | req=92994a04 | POST /api/v1/transactions | 201 | 6.33ms
2026-08-29 23:53:45,336 | INFO | finance_tracker.transactions | req=558d7e5c | Transaction create attempt: user_id=1, amount=50000.0, type=TransactionType.INCOME
2026-08-29 23:53:45,338 | INFO | finance_tracker.transactions | req=558d7e5c | Transaction created: txn_id=1, user_id=1
2026-08-29 23:53:45,339 | INFO | finance_tracker.middleware | req=558d7e5c | POST /api/v1/transactions | 201 | 6.08ms
2026-08-29 23:53:45,350 | INFO | finance_tracker.middleware | req=1c14d258 | POST /api/v1/transactions | 401 | 2.24ms
2026-08-29 23:53:45,370 | INFO | finance_tracker.middleware | req=5f738fe7 | POST /api/v1/transactions | 422 | 3.48ms
2026-08-29 23:53:45,391 | INFO | finance_tracker.middleware | req=71d81b4f | POST /api/v1/transactions | 422 | 4.45ms
2026-08-29 23:53:45,413 | INFO | finance_tracker.middleware | req=27f6320f | POST /api/v1/transactions | 422 | 4.41ms
2026-08-29 23:53:45,440 | INFO | finance_tracker.middleware | req=61dfeec8 | POST /api/v1/transactions | 422 | 4.84ms
2026-08-29 23:53:45,468 | INFO | finance_tracker.middleware | req=bb9d272a | POST /api/v1/transactions | 422 | 4.44ms
2026-08-29 23:53:45,494 | INFO | finance_tracker.middleware | req=07fdf5c5 | POST /api/v1/transactions | 422 | 4.30ms
2026-08-29 23:53:45,518 | INFO | finance_tracker.middleware | req=175cf35a | POST /api/v1/transactions | 422 | 3.96ms
2026-08-29 23:53:45,541 | INFO | finance_tracker.transactions | req=3e6b28e3 | Transaction create attempt: user_id=1, amount=500.0, type=TransactionType.EXPENSE
2026-08-29 23:53:45,543 | INFO | finance_tracker.transactions | req=3e6b28e3 | Transaction created: txn_id=1, user_id=1
2026-08-29 23:53:45,544 | INFO | finance_tracker.middleware | req=3e6b28e3 | POST /api/v1/transactions | 201 | 6.41ms
2026-08-29 23:53:45,549 | INFO | finance_tracker.transactions | req=5bc11d90 | Transaction list requested: user_id=1, page=1, limit=20
2026-08-29 23:53:45,551 | INFO | finance_tracker.transactions | req=5bc11d90 | Transaction list returned: user_id=1, count=1
2026-08-29 23:53:45,552 | INFO | finance_tracker.middleware | req=5bc11d90 | GET /api/v1/transactions | 200 | 5.95ms
2026-08-29 23:53:45,564 | INFO | finance_tracker.middleware | req=e64c3b9c | GET /api/v1/transactions | 401 | 2.18ms
2026-08-29 23:53:45,587 | INFO | finance_tracker.transactions | req=4f6a1053 | Transaction create attempt: user_id=1, amount=100.0, type=TransactionType.EXPENSE
2026-08-29 23:53:45,590 | INFO | finance_tracker.transactions | req=4f6a1053 | Transaction created: txn_id=1, user_id=1
2026-08-29 23:53:45,591 | INFO | finance_tracker.middleware | req=4f6a1053 | POST /api/v1/transactions | 201 | 7.00ms
2026-08-29 23:53:45,596 | INFO | finance_tracker.transactions | req=87071c72 | Transaction create attempt: user_id=1, amount=101.0, type=TransactionType.EXPENSE
2026-08-29 23:53:45,598 | INFO | finance_tracker.transactions | req=87071c72 | Transaction created: txn_id=2, user_id=1
2026-08-29 23:53:45,599 | INFO | finance_tracker.middleware | req=87071c72 | POST /api/v1/transactions | 201 | 6.11ms
2026-08-29 23:53:45,604 | INFO | finance_tracker.transactions | req=2ae9c678 | Transaction create attempt: user_id=1, amount=102.0, type=TransactionType.EXPENSE
2026-08-29 23:53:45,606 | INFO | finance_tracker.transactions | req=2ae9c678 | Transaction created: txn_id=3, user_id=1
2026-08-29 23:53:45,607 | INFO | finance_tracker.middleware | req=2ae9c678 | POST /api/v1/transactions | 201 | 6.05ms
2026-08-29 23:53:45,612 | INFO | finance_tracker.transactions | req=9fcb458d | Transaction list requested: user_id=1, page=1, limit=2
2026-08-29 23:53:45,613 | INFO | finance_tracker.transactions | req=9fcb458d | Transaction list returned: user_id=1, count=2
2026-08-29 23:53:45,614 | INFO | finance_tracker.middleware | req=9fcb458d | GET /api/v1/transactions | 200 | 4.81ms
2026-08-29 23:53:45,638 | INFO | finance_tracker.middleware | req=90bae93c | GET /api/v1/transactions | 422 | 4.04ms
2026-08-29 23:53:45,661 | INFO | finance_tracker.middleware | req=f391f95d | GET /api/v1/transactions | 422 | 4.71ms
2026-08-29 23:53:45,684 | INFO | finance_tracker.transactions | req=23e8e788 | Transaction create attempt: user_id=1, amount=500.0, type=TransactionType.EXPENSE
2026-08-29 23:53:45,687 | INFO | finance_tracker.transactions | req=23e8e788 | Transaction created: txn_id=1, user_id=1
2026-08-29 23:53:45,688 | INFO | finance_tracker.middleware | req=23e8e788 | POST /api/v1/transactions | 201 | 7.15ms
2026-08-29 23:53:45,693 | INFO | finance_tracker.transactions | req=8130c0bf | Transaction create attempt: user_id=1, amount=50000.0, type=TransactionType.INCOME
2026-08-29 23:53:45,695 | INFO | finance_tracker.transactions | req=8130c0bf | Transaction created: txn_id=2, user_id=1
2026-08-29 23:53:45,696 | INFO | finance_tracker.middleware | req=8130c0bf | POST /api/v1/transactions | 201 | 6.59ms
2026-08-29 23:53:45,701 | INFO | finance_tracker.transactions | req=90665b4a | Transaction list requested: user_id=1, page=1, limit=20
2026-08-29 23:53:45,703 | INFO | finance_tracker.transactions | req=90665b4a | Transaction list returned: user_id=1, count=1
2026-08-29 23:53:45,704 | INFO | finance_tracker.middleware | req=90665b4a | GET /api/v1/transactions | 200 | 5.86ms
2026-08-29 23:53:45,727 | INFO | finance_tracker.transactions | req=9d0a8538 | Transaction create attempt: user_id=1, amount=250.0, type=TransactionType.EXPENSE
2026-08-29 23:53:45,729 | INFO | finance_tracker.transactions | req=9d0a8538 | Transaction created: txn_id=1, user_id=1
2026-08-29 23:53:45,730 | INFO | finance_tracker.middleware | req=9d0a8538 | POST /api/v1/transactions | 201 | 6.67ms
2026-08-29 23:53:45,736 | INFO | finance_tracker.transactions | req=2cf72a0d | Transaction create attempt: user_id=1, amount=100.0, type=TransactionType.EXPENSE
2026-08-29 23:53:45,738 | INFO | finance_tracker.transactions | req=2cf72a0d | Transaction created: txn_id=2, user_id=1
2026-08-29 23:53:45,739 | INFO | finance_tracker.middleware | req=2cf72a0d | POST /api/v1/transactions | 201 | 6.21ms
2026-08-29 23:53:45,744 | INFO | finance_tracker.transactions | req=df8013e5 | Transaction list requested: user_id=1, page=1, limit=20
2026-08-29 23:53:45,746 | INFO | finance_tracker.transactions | req=df8013e5 | Transaction list returned: user_id=1, count=1
2026-08-29 23:53:45,747 | INFO | finance_tracker.middleware | req=df8013e5 | GET /api/v1/transactions | 200 | 5.95ms
2026-08-29 23:53:45,770 | INFO | finance_tracker.transactions | req=f0323bb1 | Transaction create attempt: user_id=1, amount=500.0, type=TransactionType.EXPENSE
2026-08-29 23:53:45,773 | INFO | finance_tracker.transactions | req=f0323bb1 | Transaction created: txn_id=1, user_id=1
2026-08-29 23:53:45,774 | INFO | finance_tracker.middleware | req=f0323bb1 | POST /api/v1/transactions | 201 | 6.72ms
2026-08-29 23:53:45,780 | INFO | finance_tracker.transactions | req=a4b749f3 | Transaction create attempt: user_id=1, amount=500.0, type=TransactionType.EXPENSE
2026-08-29 23:53:45,782 | INFO | finance_tracker.transactions | req=a4b749f3 | Transaction created: txn_id=2, user_id=1
2026-08-29 23:53:45,782 | INFO | finance_tracker.middleware | req=a4b749f3 | POST /api/v1/transactions | 201 | 6.79ms
2026-08-29 23:53:45,788 | INFO | finance_tracker.transactions | req=a6a8c147 | Transaction list requested: user_id=1, page=1, limit=20
2026-08-29 23:53:45,790 | INFO | finance_tracker.transactions | req=a6a8c147 | Transaction list returned: user_id=1, count=1
2026-08-29 23:53:45,790 | INFO | finance_tracker.middleware | req=a6a8c147 | GET /api/v1/transactions | 200 | 5.78ms
2026-08-29 23:53:45,814 | INFO | finance_tracker.transactions | req=108eb6da | Transaction create attempt: user_id=1, amount=500.0, type=TransactionType.EXPENSE
2026-08-29 23:53:45,816 | INFO | finance_tracker.transactions | req=108eb6da | Transaction created: txn_id=1, user_id=1
2026-08-29 23:53:45,817 | INFO | finance_tracker.middleware | req=108eb6da | POST /api/v1/transactions | 201 | 6.78ms
2026-08-29 23:53:45,822 | INFO | finance_tracker.transactions | req=e3f60563 | Transaction list requested: user_id=1, page=1, limit=20
2026-08-29 23:53:45,824 | INFO | finance_tracker.transactions | req=e3f60563 | Transaction list returned: user_id=1, count=1
2026-08-29 23:53:45,825 | INFO | finance_tracker.middleware | req=e3f60563 | GET /api/v1/transactions | 200 | 5.89ms
2026-08-29 23:53:45,848 | INFO | finance_tracker.transactions | req=ee375b81 | Transaction list requested: user_id=1, page=1, limit=20
2026-08-29 23:53:45,849 | INFO | finance_tracker.transactions | req=ee375b81 | Transaction list returned: user_id=1, count=0
2026-08-29 23:53:45,850 | INFO | finance_tracker.middleware | req=ee375b81 | GET /api/v1/transactions | 200 | 5.30ms
2026-08-29 23:53:45,872 | INFO | finance_tracker.transactions | req=6f7205af | Transaction list requested: user_id=1, page=1, limit=20
2026-08-29 23:53:45,874 | INFO | finance_tracker.transactions | req=6f7205af | Transaction list returned: user_id=1, count=0
2026-08-29 23:53:45,875 | INFO | finance_tracker.middleware | req=6f7205af | GET /api/v1/transactions | 200 | 6.33ms
2026-08-29 23:53:45,902 | INFO | finance_tracker.transactions | req=b454084c | Transaction create attempt: user_id=1, amount=100.0, type=TransactionType.EXPENSE
2026-08-29 23:53:45,904 | INFO | finance_tracker.transactions | req=b454084c | Transaction created: txn_id=1, user_id=1
2026-08-29 23:53:45,905 | INFO | finance_tracker.middleware | req=b454084c | POST /api/v1/transactions | 201 | 9.31ms
2026-08-29 23:53:45,910 | INFO | finance_tracker.transactions | req=bc150cea | Transaction create attempt: user_id=1, amount=200.0, type=TransactionType.EXPENSE
2026-08-29 23:53:45,912 | INFO | finance_tracker.transactions | req=bc150cea | Transaction created: txn_id=2, user_id=1
2026-08-29 23:53:45,913 | INFO | finance_tracker.middleware | req=bc150cea | POST /api/v1/transactions | 201 | 6.00ms
2026-08-29 23:53:45,918 | INFO | finance_tracker.transactions | req=044fcdb8 | Transaction list requested: user_id=1, page=1, limit=20
2026-08-29 23:53:45,920 | INFO | finance_tracker.transactions | req=044fcdb8 | Transaction list returned: user_id=1, count=2
2026-08-29 23:53:45,921 | INFO | finance_tracker.middleware | req=044fcdb8 | GET /api/v1/transactions | 200 | 5.82ms
2026-08-29 23:53:45,945 | INFO | finance_tracker.transactions | req=06919e89 | Transaction create attempt: user_id=1, amount=500.0, type=TransactionType.EXPENSE
2026-08-29 23:53:45,947 | INFO | finance_tracker.transactions | req=06919e89 | Transaction created: txn_id=1, user_id=1
2026-08-29 23:53:45,948 | INFO | finance_tracker.middleware | req=06919e89 | POST /api/v1/transactions | 201 | 6.98ms
2026-08-29 23:53:45,955 | INFO | finance_tracker.transactions | req=e69f131a | Transaction fetched: txn_id=1, user_id=1
2026-08-29 23:53:45,956 | INFO | finance_tracker.middleware | req=e69f131a | GET /api/v1/transactions/1 | 200 | 5.42ms
2026-08-29 23:53:45,979 | WARNING | finance_tracker.transactions | req=3cfbf6f5 | Transaction not found: txn_id=999999, user_id=1
2026-08-29 23:53:45,980 | INFO | finance_tracker.middleware | req=3cfbf6f5 | GET /api/v1/transactions/999999 | 404 | 4.76ms
2026-08-29 23:53:46,003 | INFO | finance_tracker.transactions | req=0e3d1747 | Transaction create attempt: user_id=1, amount=500.0, type=TransactionType.EXPENSE
2026-08-29 23:53:46,006 | INFO | finance_tracker.transactions | req=0e3d1747 | Transaction created: txn_id=1, user_id=1
2026-08-29 23:53:46,007 | INFO | finance_tracker.middleware | req=0e3d1747 | POST /api/v1/transactions | 201 | 7.41ms
2026-08-29 23:53:46,011 | INFO | finance_tracker.middleware | req=63199a61 | GET /api/v1/transactions/1 | 401 | 2.27ms
2026-08-29 23:53:46,036 | INFO | finance_tracker.transactions | req=90a08642 | Transaction create attempt: user_id=1, amount=500.0, type=TransactionType.EXPENSE
2026-08-29 23:53:46,039 | INFO | finance_tracker.transactions | req=90a08642 | Transaction created: txn_id=1, user_id=1
2026-08-29 23:53:46,039 | INFO | finance_tracker.middleware | req=90a08642 | POST /api/v1/transactions | 201 | 6.86ms
2026-08-29 23:53:46,045 | INFO | finance_tracker.transactions | req=840cecc1 | Transaction update attempt: txn_id=1, user_id=1
2026-08-29 23:53:46,047 | INFO | finance_tracker.transactions | req=840cecc1 | Transaction fetched: txn_id=1, user_id=1
2026-08-29 23:53:46,126 | INFO | finance_tracker.transactions | req=840cecc1 | Transaction updated: txn_id=1, user_id=1
2026-08-29 23:53:46,127 | INFO | finance_tracker.middleware | req=840cecc1 | PATCH /api/v1/transactions/1 | 200 | 86.01ms
2026-08-29 23:53:46,157 | INFO | finance_tracker.transactions | req=bb2e5548 | Transaction create attempt: user_id=1, amount=500.0, type=TransactionType.EXPENSE
2026-08-29 23:53:46,160 | INFO | finance_tracker.transactions | req=bb2e5548 | Transaction created: txn_id=1, user_id=1
2026-08-29 23:53:46,161 | INFO | finance_tracker.middleware | req=bb2e5548 | POST /api/v1/transactions | 201 | 8.70ms
2026-08-29 23:53:46,167 | INFO | finance_tracker.transactions | req=d82239ce | Transaction update attempt: txn_id=1, user_id=1
2026-08-29 23:53:46,168 | INFO | finance_tracker.transactions | req=d82239ce | Transaction fetched: txn_id=1, user_id=1
2026-08-29 23:53:46,171 | INFO | finance_tracker.transactions | req=d82239ce | Transaction updated: txn_id=1, user_id=1
2026-08-29 23:53:46,172 | INFO | finance_tracker.middleware | req=d82239ce | PATCH /api/v1/transactions/1 | 200 | 8.67ms
2026-08-29 23:53:46,198 | INFO | finance_tracker.transactions | req=f0d26d52 | Transaction create attempt: user_id=1, amount=500.0, type=TransactionType.EXPENSE
2026-08-29 23:53:46,200 | INFO | finance_tracker.transactions | req=f0d26d52 | Transaction created: txn_id=1, user_id=1
2026-08-29 23:53:46,201 | INFO | finance_tracker.middleware | req=f0d26d52 | POST /api/v1/transactions | 201 | 6.99ms
2026-08-29 23:53:46,206 | INFO | finance_tracker.transactions | req=cf924a91 | Transaction update attempt: txn_id=1, user_id=1
2026-08-29 23:53:46,207 | INFO | finance_tracker.transactions | req=cf924a91 | Transaction fetched: txn_id=1, user_id=1
2026-08-29 23:53:46,209 | INFO | finance_tracker.transactions | req=cf924a91 | Transaction updated: txn_id=1, user_id=1
2026-08-29 23:53:46,210 | INFO | finance_tracker.middleware | req=cf924a91 | PATCH /api/v1/transactions/1 | 200 | 7.46ms
2026-08-29 23:53:46,236 | INFO | finance_tracker.transactions | req=236fb064 | Transaction create attempt: user_id=1, amount=500.0, type=TransactionType.EXPENSE
2026-08-29 23:53:46,238 | INFO | finance_tracker.transactions | req=236fb064 | Transaction created: txn_id=1, user_id=1
2026-08-29 23:53:46,239 | INFO | finance_tracker.middleware | req=236fb064 | POST /api/v1/transactions | 201 | 6.66ms
2026-08-29 23:53:46,244 | INFO | finance_tracker.middleware | req=8b813246 | PATCH /api/v1/transactions/1 | 422 | 3.37ms
2026-08-29 23:53:46,268 | INFO | finance_tracker.transactions | req=2eb2fd59 | Transaction create attempt: user_id=1, amount=500.0, type=TransactionType.EXPENSE
2026-08-29 23:53:46,271 | INFO | finance_tracker.transactions | req=2eb2fd59 | Transaction created: txn_id=1, user_id=1
2026-08-29 23:53:46,272 | INFO | finance_tracker.middleware | req=2eb2fd59 | POST /api/v1/transactions | 201 | 8.20ms
2026-08-29 23:53:46,277 | INFO | finance_tracker.middleware | req=0f2a1a61 | PATCH /api/v1/transactions/1 | 422 | 3.70ms
2026-08-29 23:53:46,300 | INFO | finance_tracker.transactions | req=3f2fe874 | Transaction update attempt: txn_id=999999, user_id=1
2026-08-29 23:53:46,301 | WARNING | finance_tracker.transactions | req=3f2fe874 | Transaction not found: txn_id=999999, user_id=1
2026-08-29 23:53:46,302 | INFO | finance_tracker.middleware | req=3f2fe874 | PATCH /api/v1/transactions/999999 | 404 | 5.42ms
2026-08-29 23:53:46,324 | INFO | finance_tracker.transactions | req=7a048d33 | Transaction create attempt: user_id=1, amount=500.0, type=TransactionType.EXPENSE
2026-08-29 23:53:46,326 | INFO | finance_tracker.transactions | req=7a048d33 | Transaction created: txn_id=1, user_id=1
2026-08-29 23:53:46,327 | INFO | finance_tracker.middleware | req=7a048d33 | POST /api/v1/transactions | 201 | 6.75ms
2026-08-29 23:53:46,332 | WARNING | finance_tracker.transactions | req=949e9d50 | Transaction delete attempt: txn_id=1, user_id=1
2026-08-29 23:53:46,333 | INFO | finance_tracker.transactions | req=949e9d50 | Transaction fetched: txn_id=1, user_id=1
2026-08-29 23:53:46,335 | WARNING | finance_tracker.transactions | req=949e9d50 | Transaction deleted: txn_id=1, user_id=1
2026-08-29 23:53:46,336 | INFO | finance_tracker.middleware | req=949e9d50 | DELETE /api/v1/transactions/1 | 200 | 6.79ms
2026-08-29 23:53:46,342 | WARNING | finance_tracker.transactions | req=1b5cc68f | Transaction not found: txn_id=1, user_id=1
2026-08-29 23:53:46,342 | INFO | finance_tracker.middleware | req=1b5cc68f | GET /api/v1/transactions/1 | 404 | 4.08ms
2026-08-29 23:53:46,366 | WARNING | finance_tracker.transactions | req=4e88efc2 | Transaction delete attempt: txn_id=999999, user_id=1
2026-08-29 23:53:46,367 | WARNING | finance_tracker.transactions | req=4e88efc2 | Transaction not found: txn_id=999999, user_id=1
2026-08-29 23:53:46,367 | INFO | finance_tracker.middleware | req=4e88efc2 | DELETE /api/v1/transactions/999999 | 404 | 5.43ms
2026-08-29 23:53:46,380 | INFO | finance_tracker.middleware | req=455e0e13 | DELETE /api/v1/transactions/999999 | 401 | 2.81ms
2026-08-29 23:53:46,391 | INFO | finance_tracker.middleware | req=1246c98b | GET /api/v1/health | 200 | 1.44ms
2026-08-29 23:53:46,401 | INFO | finance_tracker.middleware | req=ad0004cf | GET /api/v1/health | 200 | 1.17ms
2026-08-29 23:53:46,425 | INFO | finance_tracker.middleware | req=e1e6dc34 | GET /api/v1/users/me | 200 | 4.82ms
2026-08-29 23:53:46,438 | INFO | finance_tracker.middleware | req=c652cd56 | GET /api/v1/users/me | 401 | 0.93ms
2026-08-29 23:53:46,450 | INFO | finance_tracker.middleware | req=623b5fca | GET /api/v1/users/me | 401 | 2.40ms
2026-08-29 23:53:46,476 | INFO | finance_tracker.middleware | req=35c73f66 | PATCH /api/v1/users/me | 200 | 6.68ms
2026-08-29 23:53:46,506 | INFO | finance_tracker.middleware | req=b02d80a1 | PATCH /api/v1/users/me | 200 | 10.55ms
2026-08-29 23:53:46,545 | INFO | finance_tracker.middleware | req=b792e257 | PATCH /api/v1/users/me | 200 | 9.69ms
2026-08-29 23:53:46,574 | INFO | finance_tracker.middleware | req=4c9b49fd | PATCH /api/v1/users/me | 200 | 5.88ms
2026-08-29 23:53:46,599 | INFO | finance_tracker.middleware | req=41772f52 | PATCH /api/v1/users/me | 422 | 4.34ms
2026-08-29 23:53:46,623 | INFO | finance_tracker.middleware | req=3ffd012b | PATCH /api/v1/users/me | 422 | 3.94ms
2026-08-29 23:53:46,647 | INFO | finance_tracker.middleware | req=1ac9a978 | PATCH /api/v1/users/me | 422 | 5.30ms
2026-08-29 23:53:46,658 | INFO | finance_tracker.middleware | req=0b46228b | PATCH /api/v1/users/me | 401 | 2.27ms
2026-08-29 23:53:46,697 | INFO | finance_tracker.middleware | req=4ad9d409 | PATCH /api/v1/users/change-password | 200 | 20.90ms
2026-08-29 23:53:46,726 | INFO | finance_tracker.middleware | req=27c6b17e | PATCH /api/v1/users/change-password | 400 | 10.65ms
2026-08-29 23:53:46,748 | INFO | finance_tracker.middleware | req=c66c5826 | PATCH /api/v1/users/change-password | 422 | 3.83ms
2026-08-29 23:53:46,770 | INFO | finance_tracker.middleware | req=61248409 | PATCH /api/v1/users/change-password | 422 | 4.96ms
2026-08-29 23:53:46,793 | INFO | finance_tracker.middleware | req=397ad380 | PATCH /api/v1/users/change-password | 422 | 3.87ms
2026-08-29 23:53:46,804 | INFO | finance_tracker.middleware | req=71d1f1fe | PATCH /api/v1/users/change-password | 401 | 2.50ms
2026-08-29 23:53:46,828 | INFO | finance_tracker.middleware | req=79a343ad | DELETE /api/v1/users/me | 200 | 4.89ms
2026-08-29 23:53:46,840 | INFO | finance_tracker.middleware | req=064c850d | DELETE /api/v1/users/me | 401 | 2.23ms
2026-08-29 23:53:46,851 | INFO | finance_tracker.middleware | req=d1c6b2cc | DELETE /api/v1/users/me | 401 | 2.40ms
2026-08-29 23:53:48,553 | INFO | finance_tracker.Auth | req=5fbf33d4 | Registration attempt: register@finora.com
2026-08-29 23:53:48,579 | INFO | finance_tracker.Auth | req=5fbf33d4 | User registered successfully: user_id=1, email=register@finora.com
2026-08-29 23:53:48,580 | INFO | finance_tracker.middleware | req=5fbf33d4 | POST /api/v1/auth/register | 201 | 31.31ms
2026-08-29 23:53:48,596 | INFO | finance_tracker.Auth | req=ae450d43 | Registration attempt: duplicate@finora.com
2026-08-29 23:53:48,608 | INFO | finance_tracker.Auth | req=ae450d43 | User registered successfully: user_id=1, email=duplicate@finora.com
2026-08-29 23:53:48,609 | INFO | finance_tracker.middleware | req=ae450d43 | POST /api/v1/auth/register | 201 | 15.36ms
2026-08-29 23:53:48,613 | INFO | finance_tracker.Auth | req=fe18b1db | Registration attempt: duplicate@finora.com
2026-08-29 23:53:48,614 | WARNING | finance_tracker.Auth | req=fe18b1db | Registration failed: email already exists (duplicate@finora.com)
2026-08-29 23:53:48,615 | INFO | finance_tracker.middleware | req=fe18b1db | POST /api/v1/auth/register | 400 | 3.68ms
2026-08-29 23:53:48,628 | INFO | finance_tracker.middleware | req=619b9d84 | POST /api/v1/auth/register | 422 | 2.05ms
2026-08-29 23:53:48,640 | INFO | finance_tracker.middleware | req=5763c6ae | POST /api/v1/auth/register | 422 | 3.01ms
2026-08-29 23:53:48,650 | INFO | finance_tracker.middleware | req=82985883 | POST /api/v1/auth/register | 422 | 1.90ms
2026-08-29 23:53:48,660 | INFO | finance_tracker.Auth | req=696bcbff | Registration attempt: login@finora.com
2026-08-29 23:53:48,669 | INFO | finance_tracker.Auth | req=696bcbff | User registered successfully: user_id=1, email=login@finora.com
2026-08-29 23:53:48,671 | INFO | finance_tracker.middleware | req=696bcbff | POST /api/v1/auth/register | 201 | 11.94ms
2026-08-29 23:53:48,678 | INFO | finance_tracker.Auth | req=825caf98 | Login attempt: login@finora.com
2026-08-29 23:53:48,686 | INFO | finance_tracker.Auth | req=825caf98 | Login successful: user_id=1, email=login@finora.com
2026-08-29 23:53:48,687 | INFO | finance_tracker.middleware | req=825caf98 | POST /api/v1/auth/login | 200 | 14.13ms
2026-08-29 23:53:48,697 | INFO | finance_tracker.Auth | req=2b1e3bbd | Registration attempt: wrong-password@finora.com
2026-08-29 23:53:48,707 | INFO | finance_tracker.Auth | req=2b1e3bbd | User registered successfully: user_id=1, email=wrong-password@finora.com
2026-08-29 23:53:48,708 | INFO | finance_tracker.middleware | req=2b1e3bbd | POST /api/v1/auth/register | 201 | 12.54ms
2026-08-29 23:53:48,714 | INFO | finance_tracker.Auth | req=74c36b1f | Login attempt: wrong-password@finora.com
2026-08-29 23:53:48,722 | WARNING | finance_tracker.Auth | req=74c36b1f | Login failed: wrong password (user_id=1, email=wrong-password@finora.com)
2026-08-29 23:53:48,723 | INFO | finance_tracker.middleware | req=74c36b1f | POST /api/v1/auth/login | 401 | 13.26ms
2026-08-29 23:53:48,737 | INFO | finance_tracker.Auth | req=68677f62 | Login attempt: does-not-exist@finora.com
2026-08-29 23:53:48,738 | WARNING | finance_tracker.Auth | req=68677f62 | Login failed: user not found (does-not-exist@finora.com)
2026-08-29 23:53:48,739 | INFO | finance_tracker.middleware | req=68677f62 | POST /api/v1/auth/login | 401 | 7.35ms
2026-08-29 23:53:48,751 | INFO | finance_tracker.middleware | req=b39c894c | POST /api/v1/auth/login | 422 | 4.38ms
2026-08-29 23:53:48,772 | INFO | finance_tracker.Auth | req=d35a8734 | Profile accessed: user_id=1
2026-08-29 23:53:48,773 | INFO | finance_tracker.middleware | req=d35a8734 | GET /api/v1/auth/me | 200 | 4.81ms
2026-08-29 23:53:48,782 | INFO | finance_tracker.middleware | req=6dacdf00 | GET /api/v1/auth/me | 401 | 0.70ms
2026-08-29 23:53:48,792 | INFO | finance_tracker.middleware | req=a02d539c | GET /api/v1/auth/me | 401 | 2.02ms
2026-08-29 23:53:48,816 | INFO | finance_tracker.budgets | req=59cb25bb | Budget create attempt: user_id=1, month=8, year=2026
2026-08-29 23:53:48,824 | INFO | finance_tracker.budgets | req=59cb25bb | Budget created: budget_id=1, user_id=1
2026-08-29 23:53:48,825 | INFO | finance_tracker.middleware | req=59cb25bb | POST /api/v1/budgets/ | 201 | 15.78ms
2026-08-29 23:53:48,836 | INFO | finance_tracker.middleware | req=ff30f286 | POST /api/v1/budgets/ | 401 | 1.96ms
2026-08-29 23:53:48,857 | INFO | finance_tracker.budgets | req=daaf0a68 | Budget create attempt: user_id=1, month=8, year=2026
2026-08-29 23:53:48,859 | WARNING | finance_tracker.budgets | req=daaf0a68 | Invalid category in budget: user_id=1, category_id=1
2026-08-29 23:53:48,860 | INFO | finance_tracker.middleware | req=daaf0a68 | POST /api/v1/budgets/ | 404 | 6.26ms
2026-08-29 23:53:48,881 | INFO | finance_tracker.middleware | req=619afb16 | POST /api/v1/budgets/ | 422 | 4.55ms
2026-08-29 23:53:48,902 | INFO | finance_tracker.middleware | req=2a582719 | POST /api/v1/budgets/ | 422 | 3.82ms
2026-08-29 23:53:48,922 | INFO | finance_tracker.middleware | req=66b3e3fd | POST /api/v1/budgets/ | 422 | 3.44ms
2026-08-29 23:53:48,942 | INFO | finance_tracker.budgets | req=ac0091fa | Budget create attempt: user_id=1, month=8, year=2026
2026-08-29 23:53:48,945 | INFO | finance_tracker.budgets | req=ac0091fa | Budget created: budget_id=1, user_id=1
2026-08-29 23:53:48,946 | INFO | finance_tracker.middleware | req=ac0091fa | POST /api/v1/budgets/ | 201 | 6.87ms
2026-08-29 23:53:48,950 | INFO | finance_tracker.budgets | req=00d60c0c | Budget list requested: user_id=1, month=None, year=None
2026-08-29 23:53:48,952 | INFO | finance_tracker.budgets | req=00d60c0c | Budget list returned: user_id=1, count=1
2026-08-29 23:53:48,953 | INFO | finance_tracker.middleware | req=00d60c0c | GET /api/v1/budgets/ | 200 | 5.53ms
2026-08-29 23:53:48,974 | INFO | finance_tracker.budgets | req=dbd3e61c | Budget create attempt: user_id=1, month=8, year=2026
2026-08-29 23:53:48,977 | INFO | finance_tracker.budgets | req=dbd3e61c | Budget created: budget_id=1, user_id=1
2026-08-29 23:53:48,978 | INFO | finance_tracker.middleware | req=dbd3e61c | POST /api/v1/budgets/ | 201 | 7.12ms
2026-08-29 23:53:48,982 | INFO | finance_tracker.budgets | req=cb2c4039 | Budget create attempt: user_id=1, month=9, year=2026
2026-08-29 23:53:48,984 | INFO | finance_tracker.budgets | req=cb2c4039 | Budget created: budget_id=2, user_id=1
2026-08-29 23:53:48,985 | INFO | finance_tracker.middleware | req=cb2c4039 | POST /api/v1/budgets/ | 201 | 5.74ms
2026-08-29 23:53:48,990 | INFO | finance_tracker.budgets | req=b45dc18e | Budget list requested: user_id=1, month=8, year=None
2026-08-29 23:53:48,991 | INFO | finance_tracker.budgets | req=b45dc18e | Budget list returned: user_id=1, count=1
2026-08-29 23:53:48,992 | INFO | finance_tracker.middleware | req=b45dc18e | GET /api/v1/budgets/ | 200 | 5.07ms
2026-08-29 23:53:49,012 | INFO | finance_tracker.budgets | req=554d7d71 | Budget create attempt: user_id=1, month=8, year=2026
2026-08-29 23:53:49,015 | INFO | finance_tracker.budgets | req=554d7d71 | Budget created: budget_id=1, user_id=1
2026-08-29 23:53:49,016 | INFO | finance_tracker.middleware | req=554d7d71 | POST /api/v1/budgets/ | 201 | 6.24ms
2026-08-29 23:53:49,020 | INFO | finance_tracker.budgets | req=c1f8873c | Budget create attempt: user_id=1, month=8, year=2027
2026-08-29 23:53:49,022 | INFO | finance_tracker.budgets | req=c1f8873c | Budget created: budget_id=2, user_id=1
2026-08-29 23:53:49,023 | INFO | finance_tracker.middleware | req=c1f8873c | POST /api/v1/budgets/ | 201 | 5.75ms
2026-08-29 23:53:49,028 | INFO | finance_tracker.budgets | req=3903611c | Budget list requested: user_id=1, month=None, year=2026
2026-08-29 23:53:49,030 | INFO | finance_tracker.budgets | req=3903611c | Budget list returned: user_id=1, count=1
2026-08-29 23:53:49,031 | INFO | finance_tracker.middleware | req=3903611c | GET /api/v1/budgets/ | 200 | 5.68ms
2026-08-29 23:53:49,052 | INFO | finance_tracker.budgets | req=8c27098f | Budget create attempt: user_id=1, month=8, year=2026
2026-08-29 23:53:49,054 | INFO | finance_tracker.budgets | req=8c27098f | Budget created: budget_id=1, user_id=1
2026-08-29 23:53:49,055 | INFO | finance_tracker.middleware | req=8c27098f | POST /api/v1/budgets/ | 201 | 6.80ms
2026-08-29 23:53:49,060 | INFO | finance_tracker.budgets | req=dd3d8e6b | Budget create attempt: user_id=1, month=8, year=2027
2026-08-29 23:53:49,062 | INFO | finance_tracker.budgets | req=dd3d8e6b | Budget created: budget_id=2, user_id=1
2026-08-29 23:53:49,063 | INFO | finance_tracker.middleware | req=dd3d8e6b | POST /api/v1/budgets/ | 201 | 5.99ms
2026-08-29 23:53:49,068 | INFO | finance_tracker.budgets | req=574b1843 | Budget create attempt: user_id=1, month=9, year=2026
2026-08-29 23:53:49,071 | INFO | finance_tracker.budgets | req=574b1843 | Budget created: budget_id=3, user_id=1
2026-08-29 23:53:49,072 | INFO | finance_tracker.middleware | req=574b1843 | POST /api/v1/budgets/ | 201 | 6.11ms
2026-08-29 23:53:49,077 | INFO | finance_tracker.budgets | req=5881fcd3 | Budget list requested: user_id=1, month=8, year=2026
2026-08-29 23:53:49,080 | INFO | finance_tracker.budgets | req=5881fcd3 | Budget list returned: user_id=1, count=1
2026-08-29 23:53:49,081 | INFO | finance_tracker.middleware | req=5881fcd3 | GET /api/v1/budgets/ | 200 | 7.01ms
2026-08-29 23:53:49,096 | INFO | finance_tracker.middleware | req=7d47d145 | GET /api/v1/budgets/ | 401 | 2.54ms
2026-08-29 23:53:49,122 | INFO | finance_tracker.budgets | req=88a09f44 | Current month budgets requested: user_id=1
2026-08-29 23:53:49,124 | INFO | finance_tracker.budgets | req=88a09f44 | Current month budgets returned: user_id=1, count=0
2026-08-29 23:53:49,125 | INFO | finance_tracker.middleware | req=88a09f44 | GET /api/v1/budgets/current-month | 200 | 6.40ms
2026-08-29 23:53:49,137 | INFO | finance_tracker.middleware | req=28032546 | GET /api/v1/budgets/current-month | 401 | 2.24ms
2026-08-29 23:53:49,160 | INFO | finance_tracker.budgets | req=2d50d501 | Budget create attempt: user_id=1, month=8, year=2026
2026-08-29 23:53:49,163 | INFO | finance_tracker.budgets | req=2d50d501 | Budget created: budget_id=1, user_id=1
2026-08-29 23:53:49,164 | INFO | finance_tracker.middleware | req=2d50d501 | POST /api/v1/budgets/ | 201 | 7.04ms
2026-08-29 23:53:49,170 | INFO | finance_tracker.budgets | req=1e61b18e | Budget fetched: budget_id=1, user_id=1
2026-08-29 23:53:49,171 | INFO | finance_tracker.middleware | req=1e61b18e | GET /api/v1/budgets/1 | 200 | 5.64ms
2026-08-29 23:53:49,193 | WARNING | finance_tracker.budgets | req=8fde8c08 | Budget not found: budget_id=999999, user_id=1
2026-08-29 23:53:49,194 | INFO | finance_tracker.middleware | req=8fde8c08 | GET /api/v1/budgets/999999 | 404 | 4.38ms
2026-08-29 23:53:49,214 | INFO | finance_tracker.budgets | req=9b27e4cb | Budget create attempt: user_id=1, month=8, year=2026
2026-08-29 23:53:49,217 | INFO | finance_tracker.budgets | req=9b27e4cb | Budget created: budget_id=1, user_id=1
2026-08-29 23:53:49,218 | INFO | finance_tracker.middleware | req=9b27e4cb | POST /api/v1/budgets/ | 201 | 7.01ms
2026-08-29 23:53:49,221 | INFO | finance_tracker.middleware | req=3b796b1b | GET /api/v1/budgets/1 | 401 | 1.68ms
2026-08-29 23:53:49,242 | INFO | finance_tracker.budgets | req=8528258d | Budget create attempt: user_id=1, month=8, year=2026
2026-08-29 23:53:49,244 | INFO | finance_tracker.budgets | req=8528258d | Budget created: budget_id=1, user_id=1
2026-08-29 23:53:49,245 | INFO | finance_tracker.middleware | req=8528258d | POST /api/v1/budgets/ | 201 | 6.92ms
2026-08-29 23:53:49,250 | INFO | finance_tracker.budgets | req=dd17e304 | Budget fetched: budget_id=1, user_id=1
2026-08-29 23:53:49,255 | INFO | finance_tracker.middleware | req=dd17e304 | GET /api/v1/budgets/status/1 | 200 | 8.15ms
2026-08-29 23:53:49,276 | WARNING | finance_tracker.budgets | req=824d3028 | Budget not found: budget_id=999999, user_id=1
2026-08-29 23:53:49,277 | INFO | finance_tracker.middleware | req=824d3028 | GET /api/v1/budgets/status/999999 | 404 | 4.06ms
2026-08-29 23:53:49,297 | INFO | finance_tracker.budgets | req=28182f65 | Budget create attempt: user_id=1, month=8, year=2026
2026-08-29 23:53:49,299 | INFO | finance_tracker.budgets | req=28182f65 | Budget created: budget_id=1, user_id=1
2026-08-29 23:53:49,300 | INFO | finance_tracker.middleware | req=28182f65 | POST /api/v1/budgets/ | 201 | 6.66ms
2026-08-29 23:53:49,305 | INFO | finance_tracker.budgets | req=347837f6 | Budget update attempt: budget_id=1, user_id=1
2026-08-29 23:53:49,306 | INFO | finance_tracker.budgets | req=347837f6 | Budget fetched: budget_id=1, user_id=1
2026-08-29 23:53:49,309 | INFO | finance_tracker.budgets | req=347837f6 | Budget updated: budget_id=1, user_id=1
2026-08-29 23:53:49,310 | INFO | finance_tracker.middleware | req=347837f6 | PUT /api/v1/budgets/1 | 200 | 8.59ms
2026-08-29 23:53:49,336 | INFO | finance_tracker.budgets | req=651d608b | Budget create attempt: user_id=1, month=8, year=2026
2026-08-29 23:53:49,339 | INFO | finance_tracker.budgets | req=651d608b | Budget created: budget_id=1, user_id=1
2026-08-29 23:53:49,340 | INFO | finance_tracker.middleware | req=651d608b | POST /api/v1/budgets/ | 201 | 7.79ms
2026-08-29 23:53:49,347 | INFO | finance_tracker.budgets | req=0a365972 | Budget update attempt: budget_id=1, user_id=1
2026-08-29 23:53:49,348 | INFO | finance_tracker.budgets | req=0a365972 | Budget fetched: budget_id=1, user_id=1
2026-08-29 23:53:49,351 | INFO | finance_tracker.budgets | req=0a365972 | Budget updated: budget_id=1, user_id=1
2026-08-29 23:53:49,352 | INFO | finance_tracker.middleware | req=0a365972 | PUT /api/v1/budgets/1 | 200 | 10.57ms
2026-08-29 23:53:49,378 | INFO | finance_tracker.budgets | req=85867f6b | Budget create attempt: user_id=1, month=8, year=2026
2026-08-29 23:53:49,381 | INFO | finance_tracker.budgets | req=85867f6b | Budget created: budget_id=1, user_id=1
2026-08-29 23:53:49,382 | INFO | finance_tracker.middleware | req=85867f6b | POST /api/v1/budgets/ | 201 | 7.38ms
2026-08-29 23:53:49,388 | INFO | finance_tracker.middleware | req=b6691dda | PUT /api/v1/budgets/1 | 422 | 3.67ms
2026-08-29 23:53:49,412 | INFO | finance_tracker.budgets | req=7d95d50f | Budget update attempt: budget_id=999999, user_id=1
2026-08-29 23:53:49,413 | WARNING | finance_tracker.budgets | req=7d95d50f | Budget not found: budget_id=999999, user_id=1
2026-08-29 23:53:49,414 | INFO | finance_tracker.middleware | req=7d95d50f | PUT /api/v1/budgets/999999 | 404 | 5.37ms
2026-08-29 23:53:49,436 | INFO | finance_tracker.budgets | req=2d52044c | Budget create attempt: user_id=1, month=8, year=2026
2026-08-29 23:53:49,438 | INFO | finance_tracker.budgets | req=2d52044c | Budget created: budget_id=1, user_id=1
2026-08-29 23:53:49,439 | INFO | finance_tracker.middleware | req=2d52044c | POST /api/v1/budgets/ | 201 | 7.08ms
2026-08-29 23:53:49,444 | WARNING | finance_tracker.budgets | req=8109b495 | Budget delete attempt: budget_id=1, user_id=1
2026-08-29 23:53:49,445 | INFO | finance_tracker.budgets | req=8109b495 | Budget fetched: budget_id=1, user_id=1
2026-08-29 23:53:49,447 | WARNING | finance_tracker.budgets | req=8109b495 | Budget deleted: budget_id=1, user_id=1
2026-08-29 23:53:49,448 | INFO | finance_tracker.middleware | req=8109b495 | DELETE /api/v1/budgets/1 | 200 | 6.66ms
2026-08-29 23:53:49,453 | WARNING | finance_tracker.budgets | req=5ebd971e | Budget not found: budget_id=1, user_id=1
2026-08-29 23:53:49,454 | INFO | finance_tracker.middleware | req=5ebd971e | GET /api/v1/budgets/1 | 404 | 3.93ms
2026-08-29 23:53:49,476 | WARNING | finance_tracker.budgets | req=f49ec5cf | Budget delete attempt: budget_id=999999, user_id=1
2026-08-29 23:53:49,477 | WARNING | finance_tracker.budgets | req=f49ec5cf | Budget not found: budget_id=999999, user_id=1
2026-08-29 23:53:49,478 | INFO | finance_tracker.middleware | req=f49ec5cf | DELETE /api/v1/budgets/999999 | 404 | 5.69ms
2026-08-29 23:53:49,489 | INFO | finance_tracker.middleware | req=be208790 | DELETE /api/v1/budgets/999999 | 401 | 2.08ms
2026-08-29 23:53:49,510 | INFO | finance_tracker.categories | req=0539efa7 | Category create attempt: user_id=1, name=Salary, type=TransactionType.INCOME
2026-08-29 23:53:49,515 | INFO | finance_tracker.categories | req=0539efa7 | Category created: category_id=1, user_id=1
2026-08-29 23:53:49,517 | INFO | finance_tracker.middleware | req=0539efa7 | POST /api/v1/categories/ | 201 | 9.87ms
2026-08-29 23:53:49,539 | INFO | finance_tracker.categories | req=691ee25c | Category create attempt: user_id=1, name=Food, type=TransactionType.EXPENSE
2026-08-29 23:53:49,542 | INFO | finance_tracker.categories | req=691ee25c | Category created: category_id=1, user_id=1
2026-08-29 23:53:49,542 | INFO | finance_tracker.middleware | req=691ee25c | POST /api/v1/categories/ | 201 | 7.05ms
2026-08-29 23:53:49,554 | INFO | finance_tracker.middleware | req=30c14529 | POST /api/v1/categories/ | 401 | 2.35ms
2026-08-29 23:53:49,575 | INFO | finance_tracker.middleware | req=295879e0 | POST /api/v1/categories/ | 422 | 4.38ms
2026-08-29 23:53:49,596 | INFO | finance_tracker.middleware | req=967862ff | POST /api/v1/categories/ | 422 | 3.37ms
2026-08-29 23:53:49,617 | INFO | finance_tracker.middleware | req=36ca851e | POST /api/v1/categories/ | 422 | 3.51ms
2026-08-29 23:53:49,638 | INFO | finance_tracker.middleware | req=c195a318 | POST /api/v1/categories/ | 422 | 3.92ms
2026-08-29 23:53:49,660 | INFO | finance_tracker.categories | req=b27cebc2 | Category create attempt: user_id=1, name=Food, type=TransactionType.EXPENSE
2026-08-29 23:53:49,663 | INFO | finance_tracker.categories | req=b27cebc2 | Category created: category_id=1, user_id=1
2026-08-29 23:53:49,664 | INFO | finance_tracker.middleware | req=b27cebc2 | POST /api/v1/categories/ | 201 | 8.37ms
2026-08-29 23:53:49,669 | INFO | finance_tracker.categories | req=afcc8d42 | Category list requested: user_id=1, type=None
2026-08-29 23:53:49,670 | INFO | finance_tracker.categories | req=afcc8d42 | Category list returned: user_id=1, count=1
2026-08-29 23:53:49,671 | INFO | finance_tracker.middleware | req=afcc8d42 | GET /api/v1/categories/ | 200 | 5.31ms
2026-08-29 23:53:49,682 | INFO | finance_tracker.middleware | req=8b6fee97 | GET /api/v1/categories/ | 401 | 1.80ms
2026-08-29 23:53:49,702 | INFO | finance_tracker.categories | req=64140e79 | Category create attempt: user_id=1, name=Salary, type=TransactionType.INCOME
2026-08-29 23:53:49,705 | INFO | finance_tracker.categories | req=64140e79 | Category created: category_id=1, user_id=1
2026-08-29 23:53:49,705 | INFO | finance_tracker.middleware | req=64140e79 | POST /api/v1/categories/ | 201 | 6.88ms
2026-08-29 23:53:49,710 | INFO | finance_tracker.categories | req=ffff6fbc | Category create attempt: user_id=1, name=Food, type=TransactionType.EXPENSE
2026-08-29 23:53:49,712 | INFO | finance_tracker.categories | req=ffff6fbc | Category created: category_id=2, user_id=1
2026-08-29 23:53:49,713 | INFO | finance_tracker.middleware | req=ffff6fbc | POST /api/v1/categories/ | 201 | 5.65ms
2026-08-29 23:53:49,717 | INFO | finance_tracker.categories | req=1acd6032 | Category list requested: user_id=1, type=TransactionType.INCOME
2026-08-29 23:53:49,719 | INFO | finance_tracker.categories | req=1acd6032 | Category list returned: user_id=1, count=1
2026-08-29 23:53:49,720 | INFO | finance_tracker.middleware | req=1acd6032 | GET /api/v1/categories/ | 200 | 5.23ms
2026-08-29 23:53:49,741 | INFO | finance_tracker.categories | req=c861ad65 | Category create attempt: user_id=1, name=Salary, type=TransactionType.INCOME
2026-08-29 23:53:49,744 | INFO | finance_tracker.categories | req=c861ad65 | Category created: category_id=1, user_id=1
2026-08-29 23:53:49,744 | INFO | finance_tracker.middleware | req=c861ad65 | POST /api/v1/categories/ | 201 | 7.05ms
2026-08-29 23:53:49,749 | INFO | finance_tracker.categories | req=eb95fecb | Category create attempt: user_id=1, name=Food, type=TransactionType.EXPENSE
2026-08-29 23:53:49,752 | INFO | finance_tracker.categories | req=eb95fecb | Category created: category_id=2, user_id=1
2026-08-29 23:53:49,753 | INFO | finance_tracker.middleware | req=eb95fecb | POST /api/v1/categories/ | 201 | 6.74ms
2026-08-29 23:53:49,757 | INFO | finance_tracker.categories | req=58943599 | Category list requested: user_id=1, type=TransactionType.EXPENSE
2026-08-29 23:53:49,758 | INFO | finance_tracker.categories | req=58943599 | Category list returned: user_id=1, count=1
2026-08-29 23:53:49,759 | INFO | finance_tracker.middleware | req=58943599 | GET /api/v1/categories/ | 200 | 4.09ms
2026-08-29 23:53:49,779 | INFO | finance_tracker.categories | req=8479fcef | Category create attempt: user_id=1, name=Food, type=TransactionType.EXPENSE
2026-08-29 23:53:49,782 | INFO | finance_tracker.categories | req=8479fcef | Category created: category_id=1, user_id=1
2026-08-29 23:53:49,783 | INFO | finance_tracker.middleware | req=8479fcef | POST /api/v1/categories/ | 201 | 7.50ms
2026-08-29 23:53:49,788 | INFO | finance_tracker.categories | req=1b338447 | Category fetched: category_id=1, user_id=1
2026-08-29 23:53:49,789 | INFO | finance_tracker.middleware | req=1b338447 | GET /api/v1/categories/1 | 200 | 4.25ms
2026-08-29 23:53:49,810 | INFO | finance_tracker.categories | req=2cc744e6 | Category create attempt: user_id=1, name=Food, type=TransactionType.EXPENSE
2026-08-29 23:53:49,813 | INFO | finance_tracker.categories | req=2cc744e6 | Category created: category_id=1, user_id=1
2026-08-29 23:53:49,814 | INFO | finance_tracker.middleware | req=2cc744e6 | POST /api/v1/categories/ | 201 | 6.96ms
2026-08-29 23:53:49,817 | INFO | finance_tracker.middleware | req=da1c8fff | GET /api/v1/categories/1 | 401 | 1.56ms
2026-08-29 23:53:49,838 | WARNING | finance_tracker.categories | req=fb99e90f | Category not found: category_id=999999, user_id=1
2026-08-29 23:53:49,839 | INFO | finance_tracker.middleware | req=fb99e90f | GET /api/v1/categories/999999 | 404 | 4.44ms
2026-08-29 23:53:49,859 | INFO | finance_tracker.categories | req=963a8f41 | Category create attempt: user_id=1, name=Old Name, type=TransactionType.EXPENSE
2026-08-29 23:53:49,862 | INFO | finance_tracker.categories | req=963a8f41 | Category created: category_id=1, user_id=1
2026-08-29 23:53:49,863 | INFO | finance_tracker.middleware | req=963a8f41 | POST /api/v1/categories/ | 201 | 6.54ms
2026-08-29 23:53:49,867 | INFO | finance_tracker.categories | req=51a29bcd | Category update attempt: category_id=1, user_id=1
2026-08-29 23:53:49,868 | INFO | finance_tracker.categories | req=51a29bcd | Category fetched: category_id=1, user_id=1
2026-08-29 23:53:49,872 | INFO | finance_tracker.categories | req=51a29bcd | Category updated: category_id=1, user_id=1
2026-08-29 23:53:49,873 | INFO | finance_tracker.middleware | req=51a29bcd | PUT /api/v1/categories/1 | 200 | 8.55ms
2026-08-29 23:53:49,894 | INFO | finance_tracker.categories | req=8e14e591 | Category create attempt: user_id=1, name=Adjustable Category, type=TransactionType.EXPENSE
2026-08-29 23:53:49,897 | INFO | finance_tracker.categories | req=8e14e591 | Category created: category_id=1, user_id=1
2026-08-29 23:53:49,898 | INFO | finance_tracker.middleware | req=8e14e591 | POST /api/v1/categories/ | 201 | 7.30ms
2026-08-29 23:53:49,902 | INFO | finance_tracker.categories | req=671692f8 | Category update attempt: category_id=1, user_id=1
2026-08-29 23:53:49,903 | INFO | finance_tracker.categories | req=671692f8 | Category fetched: category_id=1, user_id=1
2026-08-29 23:53:49,905 | INFO | finance_tracker.categories | req=671692f8 | Category updated: category_id=1, user_id=1
2026-08-29 23:53:49,906 | INFO | finance_tracker.middleware | req=671692f8 | PUT /api/v1/categories/1 | 200 | 6.82ms
2026-08-29 23:53:49,927 | INFO | finance_tracker.categories | req=2dbd44c4 | Category create attempt: user_id=1, name=Food, type=TransactionType.EXPENSE
2026-08-29 23:53:49,930 | INFO | finance_tracker.categories | req=2dbd44c4 | Category created: category_id=1, user_id=1
2026-08-29 23:53:49,930 | INFO | finance_tracker.middleware | req=2dbd44c4 | POST /api/v1/categories/ | 201 | 6.66ms
2026-08-29 23:53:49,936 | INFO | finance_tracker.middleware | req=e9adced4 | PUT /api/v1/categories/1 | 422 | 3.11ms
2026-08-29 23:53:49,956 | INFO | finance_tracker.categories | req=42aebf44 | Category update attempt: category_id=999999, user_id=1
2026-08-29 23:53:49,957 | WARNING | finance_tracker.categories | req=42aebf44 | Category not found: category_id=999999, user_id=1
2026-08-29 23:53:49,958 | INFO | finance_tracker.middleware | req=42aebf44 | PUT /api/v1/categories/999999 | 404 | 4.62ms
2026-08-29 23:53:49,978 | INFO | finance_tracker.categories | req=49cabf21 | Category create attempt: user_id=1, name=Food, type=TransactionType.EXPENSE
2026-08-29 23:53:49,981 | INFO | finance_tracker.categories | req=49cabf21 | Category created: category_id=1, user_id=1
2026-08-29 23:53:49,982 | INFO | finance_tracker.middleware | req=49cabf21 | POST /api/v1/categories/ | 201 | 7.08ms
2026-08-29 23:53:49,986 | WARNING | finance_tracker.categories | req=60cb618e | Category delete attempt: category_id=1, user_id=1
2026-08-29 23:53:49,987 | INFO | finance_tracker.categories | req=60cb618e | Category fetched: category_id=1, user_id=1
2026-08-29 23:53:49,991 | WARNING | finance_tracker.categories | req=60cb618e | Category deleted: category_id=1, user_id=1
2026-08-29 23:53:49,992 | INFO | finance_tracker.middleware | req=60cb618e | DELETE /api/v1/categories/1 | 200 | 8.56ms
2026-08-29 23:53:49,997 | WARNING | finance_tracker.categories | req=2b05f399 | Category not found: category_id=1, user_id=1
2026-08-29 23:53:49,998 | INFO | finance_tracker.middleware | req=2b05f399 | GET /api/v1/categories/1 | 404 | 4.23ms
2026-08-29 23:53:50,021 | WARNING | finance_tracker.categories | req=a3bc65a2 | Category delete attempt: category_id=999999, user_id=1
2026-08-29 23:53:50,021 | WARNING | finance_tracker.categories | req=a3bc65a2 | Category not found: category_id=999999, user_id=1
2026-08-29 23:53:50,022 | INFO | finance_tracker.middleware | req=a3bc65a2 | DELETE /api/v1/categories/999999 | 404 | 5.32ms
2026-08-29 23:53:50,034 | INFO | finance_tracker.middleware | req=bb5264ff | DELETE /api/v1/categories/999999 | 401 | 2.38ms
2026-08-29 23:53:50,057 | INFO | finance_tracker.dashboard | req=58b0135f | Dashboard summary requested: user_id=1
2026-08-29 23:53:50,067 | INFO | finance_tracker.dashboard | req=58b0135f | Dashboard summary generated: user_id=1
2026-08-29 23:53:50,068 | INFO | finance_tracker.middleware | req=58b0135f | GET /api/v1/dashboard/summary | 200 | 15.17ms
2026-08-29 23:53:50,101 | INFO | finance_tracker.dashboard | req=7a4148ea | Dashboard summary requested: user_id=1
2026-08-29 23:53:50,106 | INFO | finance_tracker.dashboard | req=7a4148ea | Dashboard summary generated: user_id=1
2026-08-29 23:53:50,107 | INFO | finance_tracker.middleware | req=7a4148ea | GET /api/v1/dashboard/summary | 200 | 11.29ms
2026-08-29 23:53:50,145 | INFO | finance_tracker.middleware | req=9649a5fa | GET /api/v1/dashboard/summary | 422 | 6.02ms
2026-08-29 23:53:50,174 | INFO | finance_tracker.middleware | req=708c285b | GET /api/v1/dashboard/summary | 422 | 3.99ms
2026-08-29 23:53:50,186 | INFO | finance_tracker.middleware | req=acab349f | GET /api/v1/dashboard/summary | 401 | 2.21ms
2026-08-29 23:53:50,209 | INFO | finance_tracker.dashboard | req=5251e0a0 | Monthly trend requested: user_id=1
2026-08-29 23:53:50,211 | INFO | finance_tracker.dashboard | req=5251e0a0 | Monthly trend generated: user_id=1
2026-08-29 23:53:50,212 | INFO | finance_tracker.middleware | req=5251e0a0 | GET /api/v1/dashboard/monthly-trend | 200 | 7.07ms
2026-08-29 23:53:50,234 | INFO | finance_tracker.dashboard | req=5354793f | Monthly trend requested: user_id=1
2026-08-29 23:53:50,235 | INFO | finance_tracker.dashboard | req=5354793f | Monthly trend generated: user_id=1
2026-08-29 23:53:50,236 | INFO | finance_tracker.middleware | req=5354793f | GET /api/v1/dashboard/monthly-trend | 200 | 5.57ms
2026-08-29 23:53:50,258 | INFO | finance_tracker.middleware | req=f969d85d | GET /api/v1/dashboard/monthly-trend | 422 | 3.79ms
2026-08-29 23:53:50,269 | INFO | finance_tracker.middleware | req=d7916840 | GET /api/v1/dashboard/monthly-trend | 401 | 2.20ms
2026-08-29 23:53:50,290 | INFO | finance_tracker.dashboard | req=89834932 | Category breakdown requested: user_id=1
2026-08-29 23:53:50,292 | INFO | finance_tracker.dashboard | req=89834932 | Category breakdown generated: user_id=1
2026-08-29 23:53:50,293 | INFO | finance_tracker.middleware | req=89834932 | GET /api/v1/dashboard/category-breakdown | 200 | 6.50ms
2026-08-29 23:53:50,315 | INFO | finance_tracker.dashboard | req=e06703b4 | Category breakdown requested: user_id=1
2026-08-29 23:53:50,316 | INFO | finance_tracker.dashboard | req=e06703b4 | Category breakdown generated: user_id=1
2026-08-29 23:53:50,316 | INFO | finance_tracker.middleware | req=e06703b4 | GET /api/v1/dashboard/category-breakdown | 200 | 4.96ms
2026-08-29 23:53:50,337 | INFO | finance_tracker.middleware | req=45f6cc31 | GET /api/v1/dashboard/category-breakdown | 422 | 3.79ms
2026-08-29 23:53:50,359 | INFO | finance_tracker.middleware | req=6dbfcf3f | GET /api/v1/dashboard/category-breakdown | 422 | 4.25ms
2026-08-29 23:53:50,370 | INFO | finance_tracker.middleware | req=f65e2b9b | GET /api/v1/dashboard/category-breakdown | 401 | 2.08ms
2026-08-29 23:53:50,392 | INFO | finance_tracker.middleware | req=2c06c8e9 | GET /api/v1/dashboard/status | 200 | 4.10ms
2026-08-29 23:53:50,414 | INFO | finance_tracker.middleware | req=fc94007f | GET /api/v1/dashboard/status | 422 | 3.67ms
2026-08-29 23:53:50,442 | INFO | finance_tracker.middleware | req=7ccf3cd4 | GET /api/v1/dashboard/status | 422 | 4.40ms
2026-08-29 23:53:50,469 | INFO | finance_tracker.middleware | req=3ebba3e5 | GET /api/v1/dashboard/status | 422 | 4.14ms
2026-08-29 23:53:50,495 | INFO | finance_tracker.middleware | req=5f96b657 | GET /api/v1/dashboard/status | 422 | 4.09ms
2026-08-29 23:53:50,507 | INFO | finance_tracker.middleware | req=c462b951 | GET /api/v1/dashboard/status | 401 | 2.09ms
2026-08-29 23:53:50,530 | INFO | finance_tracker.dashboard | req=a9d04c9a | Recent transactions requested: user_id=1, limit=5
2026-08-29 23:53:50,532 | INFO | finance_tracker.dashboard | req=a9d04c9a | Recent transactions returned: user_id=1, count=0
2026-08-29 23:53:50,532 | INFO | finance_tracker.middleware | req=a9d04c9a | GET /api/v1/dashboard/recent-transactions | 200 | 5.94ms
2026-08-29 23:53:50,555 | INFO | finance_tracker.dashboard | req=9b5a9566 | Recent transactions requested: user_id=1, limit=10
2026-08-29 23:53:50,555 | INFO | finance_tracker.dashboard | req=9b5a9566 | Recent transactions returned: user_id=1, count=0
2026-08-29 23:53:50,556 | INFO | finance_tracker.middleware | req=9b5a9566 | GET /api/v1/dashboard/recent-transactions | 200 | 4.58ms
2026-08-29 23:53:50,578 | INFO | finance_tracker.middleware | req=1423d832 | GET /api/v1/dashboard/recent-transactions | 422 | 3.75ms
2026-08-29 23:53:50,601 | INFO | finance_tracker.middleware | req=b341a80f | GET /api/v1/dashboard/recent-transactions | 422 | 3.92ms
2026-08-29 23:53:50,624 | INFO | finance_tracker.middleware | req=ac381258 | GET /api/v1/dashboard/recent-transactions | 422 | 3.54ms
2026-08-29 23:53:50,636 | INFO | finance_tracker.middleware | req=62e43fcc | GET /api/v1/dashboard/recent-transactions | 401 | 2.11ms
2026-08-29 23:53:50,659 | INFO | finance_tracker.transactions | req=53e81efb | Transaction create attempt: user_id=1, amount=50000.0, type=TransactionType.INCOME
2026-08-29 23:53:50,664 | INFO | finance_tracker.transactions | req=53e81efb | Transaction created: txn_id=1, user_id=1
2026-08-29 23:53:50,665 | INFO | finance_tracker.middleware | req=53e81efb | POST /api/v1/transactions | 201 | 10.38ms
2026-08-29 23:53:50,670 | INFO | finance_tracker.transactions | req=1439a0f0 | Transaction create attempt: user_id=1, amount=5000.0, type=TransactionType.EXPENSE
2026-08-29 23:53:50,672 | INFO | finance_tracker.transactions | req=1439a0f0 | Transaction created: txn_id=2, user_id=1
2026-08-29 23:53:50,672 | INFO | finance_tracker.middleware | req=1439a0f0 | POST /api/v1/transactions | 201 | 5.44ms
2026-08-29 23:53:50,680 | INFO | finance_tracker.middleware | req=cd5c74cd | GET /api/v1/reports/cash-flow | 200 | 5.92ms
2026-08-29 23:53:50,691 | INFO | finance_tracker.middleware | req=a37e82ed | GET /api/v1/reports/cash-flow | 401 | 2.00ms
2026-08-29 23:53:50,713 | INFO | finance_tracker.middleware | req=82bdce16 | GET /api/v1/reports/cash-flow | 422 | 3.60ms
2026-08-29 23:53:50,735 | INFO | finance_tracker.middleware | req=eec16be6 | GET /api/v1/reports/cash-flow | 422 | 3.59ms
2026-08-29 23:53:50,757 | INFO | finance_tracker.middleware | req=7c257c4f | GET /api/v1/reports/cash-flow | 422 | 3.45ms
2026-08-29 23:53:50,778 | INFO | finance_tracker.transactions | req=60ec7ab0 | Transaction create attempt: user_id=1, amount=5000.0, type=TransactionType.EXPENSE
2026-08-29 23:53:50,780 | INFO | finance_tracker.transactions | req=60ec7ab0 | Transaction created: txn_id=1, user_id=1
2026-08-29 23:53:50,781 | INFO | finance_tracker.middleware | req=60ec7ab0 | POST /api/v1/transactions | 201 | 6.23ms
2026-08-29 23:53:50,787 | INFO | finance_tracker.middleware | req=7b8624dc | GET /api/v1/reports/category-analysis | 200 | 4.32ms
2026-08-29 23:53:50,798 | INFO | finance_tracker.middleware | req=eda05438 | GET /api/v1/reports/category-analysis | 401 | 2.15ms
2026-08-29 23:53:50,821 | INFO | finance_tracker.middleware | req=e1d81ebd | GET /api/v1/reports/category-analysis | 422 | 4.61ms
2026-08-29 23:53:50,842 | INFO | finance_tracker.middleware | req=931687f3 | GET /api/v1/reports/category-analysis | 422 | 3.56ms
2026-08-29 23:53:50,864 | INFO | finance_tracker.middleware | req=296ae620 | GET /api/v1/reports/category-analysis | 422 | 3.34ms
2026-08-29 23:53:50,886 | INFO | finance_tracker.middleware | req=198b9a40 | GET /api/v1/reports/category-analysis | 422 | 4.08ms
2026-08-29 23:53:50,908 | INFO | finance_tracker.transactions | req=afdd2456 | Transaction create attempt: user_id=1, amount=50000.0, type=TransactionType.INCOME
2026-08-29 23:53:50,910 | INFO | finance_tracker.transactions | req=afdd2456 | Transaction created: txn_id=1, user_id=1
2026-08-29 23:53:50,911 | INFO | finance_tracker.middleware | req=afdd2456 | POST /api/v1/transactions | 201 | 6.35ms
2026-08-29 23:53:50,916 | INFO | finance_tracker.transactions | req=4a2f2664 | Transaction create attempt: user_id=1, amount=5000.0, type=TransactionType.EXPENSE
2026-08-29 23:53:50,918 | INFO | finance_tracker.transactions | req=4a2f2664 | Transaction created: txn_id=2, user_id=1
2026-08-29 23:53:50,918 | INFO | finance_tracker.middleware | req=4a2f2664 | POST /api/v1/transactions | 201 | 5.65ms
2026-08-29 23:53:50,925 | INFO | finance_tracker.middleware | req=12de28f5 | GET /api/v1/reports/income-vs-expense | 200 | 4.64ms
2026-08-29 23:53:50,937 | INFO | finance_tracker.middleware | req=5fc8553f | GET /api/v1/reports/income-vs-expense | 401 | 2.17ms
2026-08-29 23:53:50,958 | INFO | finance_tracker.middleware | req=d17887e5 | GET /api/v1/reports/income-vs-expense | 422 | 4.57ms
2026-08-29 23:53:50,980 | INFO | finance_tracker.middleware | req=14d45761 | GET /api/v1/reports/income-vs-expense | 422 | 3.52ms
2026-08-29 23:53:51,003 | INFO | finance_tracker.budgets | req=9a050043 | Budget create attempt: user_id=1, month=8, year=2026
2026-08-29 23:53:51,006 | INFO | finance_tracker.budgets | req=9a050043 | Budget created: budget_id=1, user_id=1
2026-08-29 23:53:51,006 | INFO | finance_tracker.middleware | req=9a050043 | POST /api/v1/budgets/ | 201 | 7.05ms
2026-08-29 23:53:51,011 | INFO | finance_tracker.transactions | req=7990d4ce | Transaction create attempt: user_id=1, amount=5000.0, type=TransactionType.EXPENSE
2026-08-29 23:53:51,013 | INFO | finance_tracker.transactions | req=7990d4ce | Transaction created: txn_id=1, user_id=1
2026-08-29 23:53:51,014 | INFO | finance_tracker.middleware | req=7990d4ce | POST /api/v1/transactions | 201 | 5.52ms
2026-08-29 23:53:51,021 | INFO | finance_tracker.middleware | req=79e5cb75 | GET /api/v1/reports/budget-performance | 200 | 5.07ms
2026-08-29 23:53:51,032 | INFO | finance_tracker.middleware | req=2ec2bc91 | GET /api/v1/reports/budget-performance | 401 | 2.00ms
2026-08-29 23:53:51,053 | INFO | finance_tracker.middleware | req=d4642c18 | GET /api/v1/reports/budget-performance | 422 | 3.45ms
2026-08-29 23:53:51,076 | INFO | finance_tracker.middleware | req=ff2a3cf7 | GET /api/v1/reports/budget-performance | 422 | 4.30ms
2026-08-29 23:53:51,104 | INFO | finance_tracker.middleware | req=879c0866 | GET /api/v1/reports/budget-performance | 422 | 5.82ms
2026-08-29 23:53:51,130 | INFO | finance_tracker.middleware | req=a985647e | GET /api/v1/reports/budget-performance | 422 | 3.77ms
2026-08-29 23:53:51,153 | INFO | finance_tracker.transactions | req=dd29dd63 | Transaction create attempt: user_id=1, amount=500.0, type=TransactionType.EXPENSE
2026-08-29 23:53:51,156 | INFO | finance_tracker.transactions | req=dd29dd63 | Transaction created: txn_id=1, user_id=1
2026-08-29 23:53:51,156 | INFO | finance_tracker.middleware | req=dd29dd63 | POST /api/v1/transactions | 201 | 6.59ms
2026-08-29 23:53:51,178 | INFO | finance_tracker.transactions | req=6f993fe2 | Transaction create attempt: user_id=1, amount=50000.0, type=TransactionType.INCOME
2026-08-29 23:53:51,181 | INFO | finance_tracker.transactions | req=6f993fe2 | Transaction created: txn_id=1, user_id=1
2026-08-29 23:53:51,181 | INFO | finance_tracker.middleware | req=6f993fe2 | POST /api/v1/transactions | 201 | 6.51ms
2026-08-29 23:53:51,193 | INFO | finance_tracker.middleware | req=335392e6 | POST /api/v1/transactions | 401 | 2.23ms
2026-08-29 23:53:51,216 | INFO | finance_tracker.middleware | req=578942bc | POST /api/v1/transactions | 422 | 4.34ms
2026-08-29 23:53:51,246 | INFO | finance_tracker.middleware | req=6d29061a | POST /api/v1/transactions | 422 | 6.24ms
2026-08-29 23:53:51,271 | INFO | finance_tracker.middleware | req=74466af1 | POST /api/v1/transactions | 422 | 4.03ms
2026-08-29 23:53:51,295 | INFO | finance_tracker.middleware | req=59668222 | POST /api/v1/transactions | 422 | 3.85ms
2026-08-29 23:53:51,317 | INFO | finance_tracker.middleware | req=1338587b | POST /api/v1/transactions | 422 | 3.57ms
2026-08-29 23:53:51,338 | INFO | finance_tracker.middleware | req=72472a28 | POST /api/v1/transactions | 422 | 3.63ms
2026-08-29 23:53:51,360 | INFO | finance_tracker.middleware | req=2d412fa8 | POST /api/v1/transactions | 422 | 4.39ms
2026-08-29 23:53:51,381 | INFO | finance_tracker.transactions | req=0427cb7b | Transaction create attempt: user_id=1, amount=500.0, type=TransactionType.EXPENSE
2026-08-29 23:53:51,383 | INFO | finance_tracker.transactions | req=0427cb7b | Transaction created: txn_id=1, user_id=1
2026-08-29 23:53:51,384 | INFO | finance_tracker.middleware | req=0427cb7b | POST /api/v1/transactions | 201 | 6.37ms
2026-08-29 23:53:51,389 | INFO | finance_tracker.transactions | req=1bed6e95 | Transaction list requested: user_id=1, page=1, limit=20
2026-08-29 23:53:51,391 | INFO | finance_tracker.transactions | req=1bed6e95 | Transaction list returned: user_id=1, count=1
2026-08-29 23:53:51,392 | INFO | finance_tracker.middleware | req=1bed6e95 | GET /api/v1/transactions | 200 | 6.04ms
2026-08-29 23:53:51,404 | INFO | finance_tracker.middleware | req=7bed3db5 | GET /api/v1/transactions | 401 | 2.03ms
2026-08-29 23:53:51,427 | INFO | finance_tracker.transactions | req=40e48e54 | Transaction create attempt: user_id=1, amount=100.0, type=TransactionType.EXPENSE
2026-08-29 23:53:51,430 | INFO | finance_tracker.transactions | req=40e48e54 | Transaction created: txn_id=1, user_id=1
2026-08-29 23:53:51,431 | INFO | finance_tracker.middleware | req=40e48e54 | POST /api/v1/transactions | 201 | 7.74ms
2026-08-29 23:53:51,438 | INFO | finance_tracker.transactions | req=9a29e6de | Transaction create attempt: user_id=1, amount=101.0, type=TransactionType.EXPENSE
2026-08-29 23:53:51,441 | INFO | finance_tracker.transactions | req=9a29e6de | Transaction created: txn_id=2, user_id=1
2026-08-29 23:53:51,443 | INFO | finance_tracker.middleware | req=9a29e6de | POST /api/v1/transactions | 201 | 8.05ms
2026-08-29 23:53:51,450 | INFO | finance_tracker.transactions | req=0a3b7562 | Transaction create attempt: user_id=1, amount=102.0, type=TransactionType.EXPENSE
2026-08-29 23:53:51,453 | INFO | finance_tracker.transactions | req=0a3b7562 | Transaction created: txn_id=3, user_id=1
2026-08-29 23:53:51,455 | INFO | finance_tracker.middleware | req=0a3b7562 | POST /api/v1/transactions | 201 | 9.25ms
2026-08-29 23:53:51,463 | INFO | finance_tracker.transactions | req=b5a5cb8a | Transaction list requested: user_id=1, page=1, limit=2
2026-08-29 23:53:51,465 | INFO | finance_tracker.transactions | req=b5a5cb8a | Transaction list returned: user_id=1, count=2
2026-08-29 23:53:51,466 | INFO | finance_tracker.middleware | req=b5a5cb8a | GET /api/v1/transactions | 200 | 8.44ms
2026-08-29 23:53:51,495 | INFO | finance_tracker.middleware | req=cb5d514d | GET /api/v1/transactions | 422 | 4.36ms
2026-08-29 23:53:51,520 | INFO | finance_tracker.middleware | req=9eb1f91b | GET /api/v1/transactions | 422 | 4.86ms
2026-08-29 23:53:51,542 | INFO | finance_tracker.transactions | req=e7acf842 | Transaction create attempt: user_id=1, amount=500.0, type=TransactionType.EXPENSE
2026-08-29 23:53:51,544 | INFO | finance_tracker.transactions | req=e7acf842 | Transaction created: txn_id=1, user_id=1
2026-08-29 23:53:51,545 | INFO | finance_tracker.middleware | req=e7acf842 | POST /api/v1/transactions | 201 | 6.66ms
2026-08-29 23:53:51,550 | INFO | finance_tracker.transactions | req=d94b23d6 | Transaction create attempt: user_id=1, amount=50000.0, type=TransactionType.INCOME
2026-08-29 23:53:51,552 | INFO | finance_tracker.transactions | req=d94b23d6 | Transaction created: txn_id=2, user_id=1
2026-08-29 23:53:51,553 | INFO | finance_tracker.middleware | req=d94b23d6 | POST /api/v1/transactions | 201 | 5.87ms
2026-08-29 23:53:51,558 | INFO | finance_tracker.transactions | req=8d7200c8 | Transaction list requested: user_id=1, page=1, limit=20
2026-08-29 23:53:51,560 | INFO | finance_tracker.transactions | req=8d7200c8 | Transaction list returned: user_id=1, count=1
2026-08-29 23:53:51,561 | INFO | finance_tracker.middleware | req=8d7200c8 | GET /api/v1/transactions | 200 | 6.63ms
2026-08-29 23:53:51,584 | INFO | finance_tracker.transactions | req=8fe04e96 | Transaction create attempt: user_id=1, amount=250.0, type=TransactionType.EXPENSE
2026-08-29 23:53:51,586 | INFO | finance_tracker.transactions | req=8fe04e96 | Transaction created: txn_id=1, user_id=1
2026-08-29 23:53:51,587 | INFO | finance_tracker.middleware | req=8fe04e96 | POST /api/v1/transactions | 201 | 6.62ms
2026-08-29 23:53:51,592 | INFO | finance_tracker.transactions | req=34929d9d | Transaction create attempt: user_id=1, amount=100.0, type=TransactionType.EXPENSE
2026-08-29 23:53:51,594 | INFO | finance_tracker.transactions | req=34929d9d | Transaction created: txn_id=2, user_id=1
2026-08-29 23:53:51,595 | INFO | finance_tracker.middleware | req=34929d9d | POST /api/v1/transactions | 201 | 6.12ms
2026-08-29 23:53:51,600 | INFO | finance_tracker.transactions | req=9f7e5e39 | Transaction list requested: user_id=1, page=1, limit=20
2026-08-29 23:53:51,602 | INFO | finance_tracker.transactions | req=9f7e5e39 | Transaction list returned: user_id=1, count=1
2026-08-29 23:53:51,603 | INFO | finance_tracker.middleware | req=9f7e5e39 | GET /api/v1/transactions | 200 | 5.95ms
2026-08-29 23:53:51,627 | INFO | finance_tracker.transactions | req=8fd42a47 | Transaction create attempt: user_id=1, amount=500.0, type=TransactionType.EXPENSE
2026-08-29 23:53:51,629 | INFO | finance_tracker.transactions | req=8fd42a47 | Transaction created: txn_id=1, user_id=1
2026-08-29 23:53:51,630 | INFO | finance_tracker.middleware | req=8fd42a47 | POST /api/v1/transactions | 201 | 6.87ms
2026-08-29 23:53:51,637 | INFO | finance_tracker.transactions | req=e6144de0 | Transaction create attempt: user_id=1, amount=500.0, type=TransactionType.EXPENSE
2026-08-29 23:53:51,640 | INFO | finance_tracker.transactions | req=e6144de0 | Transaction created: txn_id=2, user_id=1
2026-08-29 23:53:51,641 | INFO | finance_tracker.middleware | req=e6144de0 | POST /api/v1/transactions | 201 | 8.82ms
2026-08-29 23:53:51,648 | INFO | finance_tracker.transactions | req=a747f516 | Transaction list requested: user_id=1, page=1, limit=20
2026-08-29 23:53:51,651 | INFO | finance_tracker.transactions | req=a747f516 | Transaction list returned: user_id=1, count=1
2026-08-29 23:53:51,653 | INFO | finance_tracker.middleware | req=a747f516 | GET /api/v1/transactions | 200 | 8.42ms
2026-08-29 23:53:51,685 | INFO | finance_tracker.transactions | req=80030e0f | Transaction create attempt: user_id=1, amount=500.0, type=TransactionType.EXPENSE
2026-08-29 23:53:51,688 | INFO | finance_tracker.transactions | req=80030e0f | Transaction created: txn_id=1, user_id=1
2026-08-29 23:53:51,689 | INFO | finance_tracker.middleware | req=80030e0f | POST /api/v1/transactions | 201 | 9.15ms
2026-08-29 23:53:51,696 | INFO | finance_tracker.transactions | req=72bb6b54 | Transaction list requested: user_id=1, page=1, limit=20
2026-08-29 23:53:51,698 | INFO | finance_tracker.transactions | req=72bb6b54 | Transaction list returned: user_id=1, count=1
2026-08-29 23:53:51,699 | INFO | finance_tracker.middleware | req=72bb6b54 | GET /api/v1/transactions | 200 | 8.28ms
2026-08-29 23:53:51,726 | INFO | finance_tracker.transactions | req=b26633a2 | Transaction list requested: user_id=1, page=1, limit=20
2026-08-29 23:53:51,728 | INFO | finance_tracker.transactions | req=b26633a2 | Transaction list returned: user_id=1, count=0
2026-08-29 23:53:51,729 | INFO | finance_tracker.middleware | req=b26633a2 | GET /api/v1/transactions | 200 | 7.07ms
2026-08-29 23:53:51,756 | INFO | finance_tracker.transactions | req=e3d2607c | Transaction list requested: user_id=1, page=1, limit=20
2026-08-29 23:53:51,758 | INFO | finance_tracker.transactions | req=e3d2607c | Transaction list returned: user_id=1, count=0
2026-08-29 23:53:51,759 | INFO | finance_tracker.middleware | req=e3d2607c | GET /api/v1/transactions | 200 | 7.27ms
2026-08-29 23:53:51,791 | INFO | finance_tracker.transactions | req=0b3b9826 | Transaction create attempt: user_id=1, amount=100.0, type=TransactionType.EXPENSE
2026-08-29 23:53:51,793 | INFO | finance_tracker.transactions | req=0b3b9826 | Transaction created: txn_id=1, user_id=1
2026-08-29 23:53:51,795 | INFO | finance_tracker.middleware | req=0b3b9826 | POST /api/v1/transactions | 201 | 11.36ms
2026-08-29 23:53:51,801 | INFO | finance_tracker.transactions | req=ae426dff | Transaction create attempt: user_id=1, amount=200.0, type=TransactionType.EXPENSE
2026-08-29 23:53:51,803 | INFO | finance_tracker.transactions | req=ae426dff | Transaction created: txn_id=2, user_id=1
2026-08-29 23:53:51,804 | INFO | finance_tracker.middleware | req=ae426dff | POST /api/v1/transactions | 201 | 6.86ms
2026-08-29 23:53:51,810 | INFO | finance_tracker.transactions | req=6bd771ff | Transaction list requested: user_id=1, page=1, limit=20
2026-08-29 23:53:51,812 | INFO | finance_tracker.transactions | req=6bd771ff | Transaction list returned: user_id=1, count=2
2026-08-29 23:53:51,813 | INFO | finance_tracker.middleware | req=6bd771ff | GET /api/v1/transactions | 200 | 6.18ms
2026-08-29 23:53:51,837 | INFO | finance_tracker.transactions | req=5f70bf5e | Transaction create attempt: user_id=1, amount=500.0, type=TransactionType.EXPENSE
2026-08-29 23:53:51,840 | INFO | finance_tracker.transactions | req=5f70bf5e | Transaction created: txn_id=1, user_id=1
2026-08-29 23:53:51,841 | INFO | finance_tracker.middleware | req=5f70bf5e | POST /api/v1/transactions | 201 | 7.09ms
2026-08-29 23:53:51,848 | INFO | finance_tracker.transactions | req=77eaca77 | Transaction fetched: txn_id=1, user_id=1
2026-08-29 23:53:51,849 | INFO | finance_tracker.middleware | req=77eaca77 | GET /api/v1/transactions/1 | 200 | 6.27ms
2026-08-29 23:53:51,875 | WARNING | finance_tracker.transactions | req=46ce6c34 | Transaction not found: txn_id=999999, user_id=1
2026-08-29 23:53:51,876 | INFO | finance_tracker.middleware | req=46ce6c34 | GET /api/v1/transactions/999999 | 404 | 5.59ms
2026-08-29 23:53:51,900 | INFO | finance_tracker.transactions | req=e2ab4770 | Transaction create attempt: user_id=1, amount=500.0, type=TransactionType.EXPENSE
2026-08-29 23:53:51,903 | INFO | finance_tracker.transactions | req=e2ab4770 | Transaction created: txn_id=1, user_id=1
2026-08-29 23:53:51,904 | INFO | finance_tracker.middleware | req=e2ab4770 | POST /api/v1/transactions | 201 | 7.20ms
2026-08-29 23:53:51,907 | INFO | finance_tracker.middleware | req=5e57cd41 | GET /api/v1/transactions/1 | 401 | 1.75ms
2026-08-29 23:53:51,929 | INFO | finance_tracker.transactions | req=183cdb75 | Transaction create attempt: user_id=1, amount=500.0, type=TransactionType.EXPENSE
2026-08-29 23:53:51,931 | INFO | finance_tracker.transactions | req=183cdb75 | Transaction created: txn_id=1, user_id=1
2026-08-29 23:53:51,932 | INFO | finance_tracker.middleware | req=183cdb75 | POST /api/v1/transactions | 201 | 6.25ms
2026-08-29 23:53:51,937 | INFO | finance_tracker.transactions | req=2bd954f2 | Transaction update attempt: txn_id=1, user_id=1
2026-08-29 23:53:51,938 | INFO | finance_tracker.transactions | req=2bd954f2 | Transaction fetched: txn_id=1, user_id=1
2026-08-29 23:53:52,009 | INFO | finance_tracker.transactions | req=2bd954f2 | Transaction updated: txn_id=1, user_id=1
2026-08-29 23:53:52,011 | INFO | finance_tracker.middleware | req=2bd954f2 | PATCH /api/v1/transactions/1 | 200 | 77.00ms
2026-08-29 23:53:52,042 | INFO | finance_tracker.transactions | req=2ef3e579 | Transaction create attempt: user_id=1, amount=500.0, type=TransactionType.EXPENSE
2026-08-29 23:53:52,044 | INFO | finance_tracker.transactions | req=2ef3e579 | Transaction created: txn_id=1, user_id=1
2026-08-29 23:53:52,045 | INFO | finance_tracker.middleware | req=2ef3e579 | POST /api/v1/transactions | 201 | 7.58ms
2026-08-29 23:53:52,052 | INFO | finance_tracker.transactions | req=f5b6a36f | Transaction update attempt: txn_id=1, user_id=1
2026-08-29 23:53:52,052 | INFO | finance_tracker.transactions | req=f5b6a36f | Transaction fetched: txn_id=1, user_id=1
2026-08-29 23:53:52,055 | INFO | finance_tracker.transactions | req=f5b6a36f | Transaction updated: txn_id=1, user_id=1
2026-08-29 23:53:52,056 | INFO | finance_tracker.middleware | req=f5b6a36f | PATCH /api/v1/transactions/1 | 200 | 7.67ms
2026-08-29 23:53:52,082 | INFO | finance_tracker.transactions | req=f29489a9 | Transaction create attempt: user_id=1, amount=500.0, type=TransactionType.EXPENSE
2026-08-29 23:53:52,084 | INFO | finance_tracker.transactions | req=f29489a9 | Transaction created: txn_id=1, user_id=1
2026-08-29 23:53:52,085 | INFO | finance_tracker.middleware | req=f29489a9 | POST /api/v1/transactions | 201 | 6.97ms
2026-08-29 23:53:52,090 | INFO | finance_tracker.transactions | req=b58c07b5 | Transaction update attempt: txn_id=1, user_id=1
2026-08-29 23:53:52,091 | INFO | finance_tracker.transactions | req=b58c07b5 | Transaction fetched: txn_id=1, user_id=1
2026-08-29 23:53:52,093 | INFO | finance_tracker.transactions | req=b58c07b5 | Transaction updated: txn_id=1, user_id=1
2026-08-29 23:53:52,094 | INFO | finance_tracker.middleware | req=b58c07b5 | PATCH /api/v1/transactions/1 | 200 | 7.53ms
2026-08-29 23:53:52,118 | INFO | finance_tracker.transactions | req=93f234f5 | Transaction create attempt: user_id=1, amount=500.0, type=TransactionType.EXPENSE
2026-08-29 23:53:52,120 | INFO | finance_tracker.transactions | req=93f234f5 | Transaction created: txn_id=1, user_id=1
2026-08-29 23:53:52,121 | INFO | finance_tracker.middleware | req=93f234f5 | POST /api/v1/transactions | 201 | 7.48ms
2026-08-29 23:53:52,126 | INFO | finance_tracker.middleware | req=321a5fa3 | PATCH /api/v1/transactions/1 | 422 | 3.16ms
2026-08-29 23:53:52,151 | INFO | finance_tracker.transactions | req=36ba2790 | Transaction create attempt: user_id=1, amount=500.0, type=TransactionType.EXPENSE
2026-08-29 23:53:52,153 | INFO | finance_tracker.transactions | req=36ba2790 | Transaction created: txn_id=1, user_id=1
2026-08-29 23:53:52,154 | INFO | finance_tracker.middleware | req=36ba2790 | POST /api/v1/transactions | 201 | 8.58ms
2026-08-29 23:53:52,161 | INFO | finance_tracker.middleware | req=749ae004 | PATCH /api/v1/transactions/1 | 422 | 4.45ms
2026-08-29 23:53:52,191 | INFO | finance_tracker.transactions | req=4fb3be13 | Transaction update attempt: txn_id=999999, user_id=1
2026-08-29 23:53:52,192 | WARNING | finance_tracker.transactions | req=4fb3be13 | Transaction not found: txn_id=999999, user_id=1
2026-08-29 23:53:52,193 | INFO | finance_tracker.middleware | req=4fb3be13 | PATCH /api/v1/transactions/999999 | 404 | 6.14ms
2026-08-29 23:53:52,217 | INFO | finance_tracker.transactions | req=33c98fbb | Transaction create attempt: user_id=1, amount=500.0, type=TransactionType.EXPENSE
2026-08-29 23:53:52,219 | INFO | finance_tracker.transactions | req=33c98fbb | Transaction created: txn_id=1, user_id=1
2026-08-29 23:53:52,220 | INFO | finance_tracker.middleware | req=33c98fbb | POST /api/v1/transactions | 201 | 7.15ms
2026-08-29 23:53:52,226 | WARNING | finance_tracker.transactions | req=1a746933 | Transaction delete attempt: txn_id=1, user_id=1
2026-08-29 23:53:52,226 | INFO | finance_tracker.transactions | req=1a746933 | Transaction fetched: txn_id=1, user_id=1
2026-08-29 23:53:52,229 | WARNING | finance_tracker.transactions | req=1a746933 | Transaction deleted: txn_id=1, user_id=1
2026-08-29 23:53:52,229 | INFO | finance_tracker.middleware | req=1a746933 | DELETE /api/v1/transactions/1 | 200 | 6.59ms
2026-08-29 23:53:52,235 | WARNING | finance_tracker.transactions | req=50026b10 | Transaction not found: txn_id=1, user_id=1
2026-08-29 23:53:52,236 | INFO | finance_tracker.middleware | req=50026b10 | GET /api/v1/transactions/1 | 404 | 4.54ms
2026-08-29 23:53:52,259 | WARNING | finance_tracker.transactions | req=8e11d27c | Transaction delete attempt: txn_id=999999, user_id=1
2026-08-29 23:53:52,260 | WARNING | finance_tracker.transactions | req=8e11d27c | Transaction not found: txn_id=999999, user_id=1
2026-08-29 23:53:52,261 | INFO | finance_tracker.middleware | req=8e11d27c | DELETE /api/v1/transactions/999999 | 404 | 5.26ms
2026-08-29 23:53:52,274 | INFO | finance_tracker.middleware | req=6753e687 | DELETE /api/v1/transactions/999999 | 401 | 3.15ms
2026-08-29 23:53:52,284 | INFO | finance_tracker.middleware | req=d92bad75 | GET /api/v1/health | 200 | 1.27ms
2026-08-29 23:53:52,294 | INFO | finance_tracker.middleware | req=c8b9f662 | GET /api/v1/health | 200 | 1.01ms
2026-08-29 23:53:52,316 | INFO | finance_tracker.middleware | req=789662be | GET /api/v1/users/me | 200 | 4.18ms
2026-08-29 23:53:52,326 | INFO | finance_tracker.middleware | req=dea7b46f | GET /api/v1/users/me | 401 | 0.78ms
2026-08-29 23:53:52,337 | INFO | finance_tracker.middleware | req=10aac9b1 | GET /api/v1/users/me | 401 | 2.12ms
2026-08-29 23:53:52,361 | INFO | finance_tracker.middleware | req=7acdce56 | PATCH /api/v1/users/me | 200 | 6.39ms
2026-08-29 23:53:52,389 | INFO | finance_tracker.middleware | req=f44f91a8 | PATCH /api/v1/users/me | 200 | 9.35ms
2026-08-29 23:53:52,414 | INFO | finance_tracker.middleware | req=284cc551 | PATCH /api/v1/users/me | 200 | 6.96ms
2026-08-29 23:53:52,438 | INFO | finance_tracker.middleware | req=cd583d30 | PATCH /api/v1/users/me | 200 | 5.02ms
2026-08-29 23:53:52,461 | INFO | finance_tracker.middleware | req=7a19a35f | PATCH /api/v1/users/me | 422 | 3.92ms
2026-08-29 23:53:52,483 | INFO | finance_tracker.middleware | req=46d6fd3d | PATCH /api/v1/users/me | 422 | 3.97ms
2026-08-29 23:53:52,508 | INFO | finance_tracker.middleware | req=6aa069e9 | PATCH /api/v1/users/me | 422 | 5.38ms
2026-08-29 23:53:52,520 | INFO | finance_tracker.middleware | req=fbed9dd8 | PATCH /api/v1/users/me | 401 | 2.52ms
2026-08-29 23:53:52,560 | INFO | finance_tracker.middleware | req=c78ae2bf | PATCH /api/v1/users/change-password | 200 | 21.14ms
2026-08-29 23:53:52,607 | INFO | finance_tracker.middleware | req=4ce7511d | PATCH /api/v1/users/change-password | 400 | 19.29ms
2026-08-29 23:53:52,635 | INFO | finance_tracker.middleware | req=60c247c8 | PATCH /api/v1/users/change-password | 422 | 4.42ms
2026-08-29 23:53:52,660 | INFO | finance_tracker.middleware | req=5b9506c3 | PATCH /api/v1/users/change-password | 422 | 5.03ms
2026-08-29 23:53:52,685 | INFO | finance_tracker.middleware | req=db0cee4d | PATCH /api/v1/users/change-password | 422 | 4.32ms
2026-08-29 23:53:52,697 | INFO | finance_tracker.middleware | req=f3c7f954 | PATCH /api/v1/users/change-password | 401 | 2.57ms
2026-08-29 23:53:52,721 | INFO | finance_tracker.middleware | req=d65baabd | DELETE /api/v1/users/me | 200 | 5.09ms
2026-08-29 23:53:52,732 | INFO | finance_tracker.middleware | req=a5618c3f | DELETE /api/v1/users/me | 401 | 2.22ms
2026-08-29 23:53:52,743 | INFO | finance_tracker.middleware | req=c67cf3e6 | DELETE /api/v1/users/me | 401 | 2.52ms
